{
	"SalesOrderCollection": [
		{
			"SoId": "300000097",
			"ApprovalStatus": "",
			"Status": "Initial",
			"ConfirmationStatus": "",
			"BillingStatus": "Initial",
			"OrderingStatus": "",
			"OrderingStatusDesc": "Initial",
			"LifecycleStatus": "P",
			"LifecycleStatusDesc": "",
			"GrossAmount": "13224.47",
			"BuyerName": "11113.00",
			"TaxAmount": "2111.47",
			"CurrencyCode": "EUR",
			"CreatedAt": "2013-05-22T22:00:00",
			"ChangedAt": "2013-05-22T22:00:00.000Z",
			"CreatedByBp": "EPM USER",
			"ChangedByName": "EPM USER",
			"BusinessPartner": {
				"CompanyName": "SAP AG",
				"SoId": "100000000",
				"Street": "Dietmar-Hopp-Allee",
				"Building": "15",
				"PostalCode": "69190",
				"City": "Walldorf",
				"Country": "DE"
			},
			"Notes" : [
				{
					"Author" :"George Washington",
					"Text" :"Lorem ipsum dolor sit amet, consetetur sadipscing elitr, sed diam nonumy eirmod tempor invidunt ut labore et dolore magna aliquyam erat, sed diam voluptua.",
					"CreatedAt" : "2013-05-22T22:00:00",
					"Thumbnail" : "http://upload.wikimedia.org/wikipedia/commons/2/25/George_Washington_as_CIC_of_the_Continental_Army_bust.jpg"
				},
				{
					"Author" :"Christopher Columbus",
					"Text" :"Lorem ipsum dolor sit amet, consetetur sadipscing elitr",
					"CreatedAt" : "2013-05-22T22:00:00",
					"Thumbnail" : "http://upload.wikimedia.org/wikipedia/commons/0/06/CristobalColon.jpg"
				},
				{
					"Author" :"Alexandrina Victoria",
					"Text" :"Lorem ipsum dolor sit amet, consetetur sadipscing elitr, sed diam nonumy eirmod tempor invidunt ut labore et dolore magna aliquyam erat",
					"CreatedAt" : "2013-05-22T22:00:00",
					"Thumbnail" : "http://upload.wikimedia.org/wikipedia/commons/a/aa/Dronning_victoria.jpg"
				}
			],
			"Attachments": [
				{
					"Type" : "ppt",
					"Title" : "Execution plan",
					"Description" : "Slide deck for the execution plan",
					"Size" : "23 KB",
					"CreatedAt" : "2013-01-11T22:00:00"
				},
				{
					"Type" : "pdf",
					"Title" : "Brochure",
					"Description" : "A brochure of the desired hotel",
					"Size" : "23 KB",
					"CreatedAt" : "2013-01-11T22:00:00"
				},
				{
					"Type" : "PostalCode",
					"Title" : "Vacation images",
					"Description" : "Archive of all those images from my vacation that i have taken while being away for a very long time",
					"Size" : "5.3 MB",
					"CreatedAt" : "2013-01-11T22:00:00"
				}
			],
			"LineItems": [
				{
					"SoItemPos": "300000000",
					"Quantity": "10",
					"GrossAmount": "1137.64",
					"BuyerName": "956.00",
					"TaxAmount": "181.64",
					"CurrencyCode": "EUR",
					"ProductId": "HT-1000",
					"ProductName": "Notebook Basic 15",
					"Quantity": "1.000",
					"QuantityUnit": "EA",
					"DeliveryDate": "2013-05-29T22:00:00"
				},
				{
					"SoItemPos": "300000000",
					"Quantity": "20",
					"GrossAmount": "61.88",
					"BuyerName": "52.00",
					"TaxAmount": "9.88",
					"CurrencyCode": "EUR",
					"ProductId": "HT-1091",
					"ProductName": "Blaster Extreme",
					"Quantity": "2.000",
					"QuantityUnit": "EA",
					"DeliveryDate": "2013-05-29T22:00:00"
				},
				{
					"SoItemPos": "300000000",
					"Quantity": "30",
					"GrossAmount": "1116.22",
					"BuyerName": "938.00",
					"TaxAmount": "178.22",
					"CurrencyCode": "EUR",
					"ProductId": "HT-6100",
					"ProductName": "Beam Breaker B-1",
					"Quantity": "2.000",
					"QuantityUnit": "EA",
					"DeliveryDate": "2013-05-29T22:00:00"
				},
				{
					"SoItemPos": "300000000",
					"Quantity": "40",
					"GrossAmount": "2275.28",
					"BuyerName": "1912.00",
					"TaxAmount": "363.28",
					"CurrencyCode": "EUR",
					"ProductId": "HT-1000",
					"ProductName": "Notebook Basic 15",
					"Quantity": "2.000",
					"QuantityUnit": "EA",
					"DeliveryDate": "2013-05-29T22:00:00"
				},
				{
					"SoItemPos": "300000000",
					"Quantity": "50",
					"GrossAmount": "92.82",
					"BuyerName": "78.00",
					"TaxAmount": "14.82",
					"CurrencyCode": "EUR",
					"ProductId": "HT-1091",
					"ProductName": "Blaster Extreme",
					"Quantity": "3.000",
					"QuantityUnit": "EA",
					"DeliveryDate": "2013-05-29T22:00:00"
				},
				{
					"SoItemPos": "300000000",
					"Quantity": "60",
					"GrossAmount": "1116.22",
					"BuyerName": "938.00",
					"TaxAmount": "178.22",
					"CurrencyCode": "EUR",
					"ProductId": "HT-6100",
					"ProductName": "Beam Breaker B-1",
					"Quantity": "2.000",
					"QuantityUnit": "EA",
					"DeliveryDate": "2013-05-29T22:00:00"
				},
				{
					"SoItemPos": "300000000",
					"Quantity": "70",
					"GrossAmount": "2275.28",
					"BuyerName": "1912.00",
					"TaxAmount": "363.28",
					"CurrencyCode": "EUR",
					"ProductId": "HT-1000",
					"ProductName": "Notebook Basic 15",
					"Quantity": "2.000",
					"QuantityUnit": "EA",
					"DeliveryDate": "2013-05-29T22:00:00"
				},
				{
					"SoItemPos": "300000000",
					"Quantity": "80",
					"GrossAmount": "61.88",
					"BuyerName": "52.00",
					"TaxAmount": "9.88",
					"CurrencyCode": "EUR",
					"ProductId": "HT-1091",
					"ProductName": "Blaster Extreme",
					"Quantity": "2.000",
					"QuantityUnit": "EA",
					"DeliveryDate": "2013-05-29T22:00:00"
				},
				{
					"SoItemPos": "300000000",
					"Quantity": "90",
					"GrossAmount": "1674.33",
					"BuyerName": "1407.00",
					"TaxAmount": "267.33",
					"CurrencyCode": "EUR",
					"ProductId": "HT-6100",
					"ProductName": "Beam Breaker B-1",
					"Quantity": "3.000",
					"QuantityUnit": "EA",
					"DeliveryDate": "2013-05-29T22:00:00"
				},
				{
					"SoItemPos": "300000000",
					"Quantity": "100",
					"GrossAmount": "3412.92",
					"BuyerName": "2868.00",
					"TaxAmount": "544.92",
					"CurrencyCode": "EUR",
					"ProductId": "HT-1000",
					"ProductName": "Notebook Basic 15",
					"Quantity": "3.000",
					"QuantityUnit": "EA",
					"DeliveryDate": "2013-05-29T22:00:00"
				}
			]
		},
		{
			"SoId": "300000001",
			"ApprovalStatus": "",
			"Status": "Initial",
			"ConfirmationStatus": "",
			"BillingStatus": "Initial",
			"OrderingStatus": "",
			"OrderingStatusDesc": "Initial",
			"LifecycleStatus": "N",
			"LifecycleStatusDesc": "Neu",
			"GrossAmount": "12493.73",
			"BuyerName": "10498.94",
			"TaxAmount": "1994.79",
			"CurrencyCode": "EUR",
			"CreatedAt": "2013-05-22T22:00:00",
			"ChangedAt": "2013-05-22T22:00:00.000Z",
			"CreatedByBp": "EPM USER",
			"ChangedByName": "EPM USER",
			"BusinessPartner": {
				"SoId": "100000002",
				"CompanyName": "DelBont Industries",
				"Street": "1 2345 King Street",
				"Building": "1",
				"PostalCode": "19899",
				"City": "Wilmington, Delaware",
				"Country": "US"
			},
			"Notes" : [
				{
					"Author" :"George Washington",
					"Text" :"Lorem ipsum dolor sit amet, consetetur sadipscing elitr, sed diam nonumy eirmod tempor invidunt ut labore et dolore magna aliquyam erat, sed diam voluptua.",
					"CreatedAt" : "2013-05-22T22:00:00",
					"Thumbnail" : "http://upload.wikimedia.org/wikipedia/commons/2/25/George_Washington_as_CIC_of_the_Continental_Army_bust.jpg"
				},
				{
					"Author" :"Christopher Columbus",
					"Text" :"Lorem ipsum dolor sit amet, consetetur sadipscing elitr",
					"CreatedAt" : "2013-05-22T22:00:00",
					"Thumbnail" : "http://upload.wikimedia.org/wikipedia/commons/0/06/CristobalColon.jpg"
				}
			],
			"Attachments": [
				{
					"Type" : "ppt",
					"Title" : "Execution plan",
					"Description" : "Slide deck for the execution plan",
					"Size" : "23 KB",
					"CreatedAt" : "2013-01-11T22:00:00"
				},
				{
					"Type" : "pdf",
					"Title" : "Brochure",
					"Description" : "A brochure of the desired hotel",
					"Size" : "23 KB",
					"CreatedAt" : "2013-01-11T22:00:00"
				}
			],
			"LineItems": [
				{
					"SoItemPos": "300000001",
					"Quantity": "10",
					"GrossAmount": "213.96",
					"BuyerName": "179.80",
					"TaxAmount": "34.16",
					"CurrencyCode": "USD",
					"ProductId": "HT-1100",
					"ProductName": "Smart Office",
					"Quantity": "2.000",
					"QuantityUnit": "EA",
					"DeliveryDate": "2013-05-29T22:00:00"
				},
				{
					"SoItemPos": "300000001",
					"Quantity": "20",
					"GrossAmount": "35.69",
					"BuyerName": "29.99",
					"TaxAmount": "5.70",
					"CurrencyCode": "USD",
					"ProductId": "HT-2026",
					"ProductName": "Audio/Video Cable Kit - 12 ft",
					"Quantity": "1.000",
					"QuantityUnit": "EA",
					"DeliveryDate": "2013-05-29T22:00:00"
				},
				{
					"SoItemPos": "300000001",
					"Quantity": "30",
					"GrossAmount": "3736.60",
					"BuyerName": "3140.00",
					"TaxAmount": "596.60",
					"CurrencyCode": "USD",
					"ProductId": "HT-1002",
					"ProductName": "Notebook Basic 18",
					"Quantity": "2.000",
					"QuantityUnit": "EA",
					"DeliveryDate": "2013-05-29T22:00:00"
				},
				{
					"SoItemPos": "300000001",
					"Quantity": "40",
					"GrossAmount": "213.96",
					"BuyerName": "179.80",
					"TaxAmount": "34.16",
					"CurrencyCode": "USD",
					"ProductId": "HT-1100",
					"ProductName": "Smart Office",
					"Quantity": "2.000",
					"QuantityUnit": "EA",
					"DeliveryDate": "2013-05-29T22:00:00"
				},
				{
					"SoItemPos": "300000001",
					"Quantity": "50",
					"GrossAmount": "71.38",
					"BuyerName": "59.98",
					"TaxAmount": "11.40",
					"CurrencyCode": "USD",
					"ProductId": "HT-2026",
					"ProductName": "Audio/Video Cable Kit - 12 ft",
					"Quantity": "2.000",
					"QuantityUnit": "EA",
					"DeliveryDate": "2013-05-29T22:00:00"
				},
				{
					"SoItemPos": "300000001",
					"Quantity": "60",
					"GrossAmount": "3736.60",
					"BuyerName": "3140.00",
					"TaxAmount": "596.60",
					"CurrencyCode": "USD",
					"ProductId": "HT-1002",
					"ProductName": "Notebook Basic 18",
					"Quantity": "2.000",
					"QuantityUnit": "EA",
					"DeliveryDate": "2013-05-29T22:00:00"
				},
				{
					"SoItemPos": "300000001",
					"Quantity": "70",
					"GrossAmount": "320.94",
					"BuyerName": "269.70",
					"TaxAmount": "51.24",
					"CurrencyCode": "USD",
					"ProductId": "HT-1100",
					"ProductName": "Smart Office",
					"Quantity": "3.000",
					"QuantityUnit": "EA",
					"DeliveryDate": "2013-05-29T22:00:00"
				},
				{
					"SoItemPos": "300000001",
					"Quantity": "80",
					"GrossAmount": "107.06",
					"BuyerName": "89.97",
					"TaxAmount": "17.09",
					"CurrencyCode": "USD",
					"ProductId": "HT-2026",
					"ProductName": "Audio/Video Cable Kit - 12 ft",
					"Quantity": "3.000",
					"QuantityUnit": "EA",
					"DeliveryDate": "2013-05-29T22:00:00"
				},
				{
					"SoItemPos": "300000001",
					"Quantity": "90",
					"GrossAmount": "3736.60",
					"BuyerName": "3140.00",
					"TaxAmount": "596.60",
					"CurrencyCode": "USD",
					"ProductId": "HT-1002",
					"ProductName": "Notebook Basic 18",
					"Quantity": "2.000",
					"QuantityUnit": "EA",
					"DeliveryDate": "2013-05-29T22:00:00"
				},
				{
					"SoItemPos": "300000001",
					"Quantity": "100",
					"GrossAmount": "320.94",
					"BuyerName": "269.70",
					"TaxAmount": "51.24",
					"CurrencyCode": "USD",
					"ProductId": "HT-1100",
					"ProductName": "Smart Office",
					"Quantity": "3.000",
					"QuantityUnit": "EA",
					"DeliveryDate": "2013-05-29T22:00:00"
				}
			]
		},
		{
			"SoId": "300000002",
			"ApprovalStatus": "",
			"Status": "Initial",
			"ConfirmationStatus": "",
			"BillingStatus": "Initial",
			"OrderingStatus": "",
			"OrderingStatusDesc": "Initial",
			"LifecycleStatus": "N",
			"LifecycleStatusDesc": "Neu",
			"GrossAmount": "11666.69",
			"BuyerName": "9803.94",
			"TaxAmount": "1862.75",
			"CurrencyCode": "EUR",
			"CreatedAt": "2013-05-22T22:00:00",
			"ChangedAt": "2013-05-22T22:00:00.000Z",
			"CreatedByBp": "EPM USER",
			"ChangedByName": "EPM USER",
			"BusinessPartner": {
				"SoId": "100000008",
				"CompanyName": "AVANTEL",
				"Street": "Bosque de Duraznos",
				"Building": "24",
				"PostalCode": "17000",
				"City": "Mexiko City",
				"Country": "MX"
			},
			"Notes" : [
				{
					"Author" :"George Washington",
					"Text" :"Lorem ipsum dolor sit amet, consetetur sadipscing elitr, sed diam nonumy eirmod tempor invidunt ut labore et dolore magna aliquyam erat, sed diam voluptua.",
					"CreatedAt" : "2013-05-22T22:00:00",
					"Thumbnail" : "http://upload.wikimedia.org/wikipedia/commons/2/25/George_Washington_as_CIC_of_the_Continental_Army_bust.jpg"
				}
			],
			"Attachments": [
				{
					"Type" : "ppt",
					"Title" : "Execution plan",
					"Description" : "Slide deck for the execution plan",
					"Size" : "23 KB",
					"CreatedAt" : "2013-01-11T22:00:00"
				}
			],
			"LineItems": [
				{
					"SoItemPos": "300000002",
					"Quantity": "10",
					"GrossAmount": "892.46",
					"BuyerName": "749.97",
					"TaxAmount": "142.49",
					"CurrencyCode": "EUR",
					"ProductId": "HT-2000",
					"ProductName": "7\" Widescreen Portable DVD Player w MP3",
					"Quantity": "3.000",
					"QuantityUnit": "EA",
					"DeliveryDate": "2013-05-29T22:00:00"
				},
				{
					"SoItemPos": "300000002",
					"Quantity": "20",
					"GrossAmount": "2378.81",
					"BuyerName": "1999.00",
					"TaxAmount": "379.81",
					"CurrencyCode": "EUR",
					"ProductId": "HT-1010",
					"ProductName": "Notebook Professional 15",
					"Quantity": "1.000",
					"QuantityUnit": "EA",
					"DeliveryDate": "2013-05-29T22:00:00"
				},
				{
					"SoItemPos": "300000002",
					"Quantity": "30",
					"GrossAmount": "183.26",
					"BuyerName": "154.00",
					"TaxAmount": "29.26",
					"CurrencyCode": "EUR",
					"ProductId": "HT-1103",
					"ProductName": "Smart Multimedia",
					"Quantity": "2.000",
					"QuantityUnit": "EA",
					"DeliveryDate": "2013-05-29T22:00:00"
				},
				{
					"SoItemPos": "300000002",
					"Quantity": "40",
					"GrossAmount": "594.98",
					"BuyerName": "499.98",
					"TaxAmount": "95.00",
					"CurrencyCode": "EUR",
					"ProductId": "HT-2000",
					"ProductName": "7\" Widescreen Portable DVD Player w MP3",
					"Quantity": "2.000",
					"QuantityUnit": "EA",
					"DeliveryDate": "2013-05-29T22:00:00"
				},
				{
					"SoItemPos": "300000002",
					"Quantity": "50",
					"GrossAmount": "2378.81",
					"BuyerName": "1999.00",
					"TaxAmount": "379.81",
					"CurrencyCode": "EUR",
					"ProductId": "HT-1010",
					"ProductName": "Notebook Professional 15",
					"Quantity": "1.000",
					"QuantityUnit": "EA",
					"DeliveryDate": "2013-05-29T22:00:00"
				},
				{
					"SoItemPos": "300000002",
					"Quantity": "60",
					"GrossAmount": "183.26",
					"BuyerName": "154.00",
					"TaxAmount": "29.26",
					"CurrencyCode": "EUR",
					"ProductId": "HT-1103",
					"ProductName": "Smart Multimedia",
					"Quantity": "2.000",
					"QuantityUnit": "EA",
					"DeliveryDate": "2013-05-29T22:00:00"
				},
				{
					"SoItemPos": "300000002",
					"Quantity": "70",
					"GrossAmount": "297.49",
					"BuyerName": "249.99",
					"TaxAmount": "47.50",
					"CurrencyCode": "EUR",
					"ProductId": "HT-2000",
					"ProductName": "7\" Widescreen Portable DVD Player w MP3",
					"Quantity": "1.000",
					"QuantityUnit": "EA",
					"DeliveryDate": "2013-05-29T22:00:00"
				},
				{
					"SoItemPos": "300000002",
					"Quantity": "80",
					"GrossAmount": "4757.62",
					"BuyerName": "3998.00",
					"TaxAmount": "759.62",
					"CurrencyCode": "EUR",
					"ProductId": "HT-1010",
					"ProductName": "Notebook Professional 15",
					"Quantity": "2.000",
					"QuantityUnit": "EA",
					"DeliveryDate": "2013-05-29T22:00:00"
				}
			]
		},
		{
			"SoId": "300000003",
			"ApprovalStatus": "",
			"Status": "Initial",
			"ConfirmationStatus": "",
			"BillingStatus": "Initial",
			"OrderingStatus": "",
			"OrderingStatusDesc": "Initial",
			"LifecycleStatus": "P",
			"LifecycleStatusDesc": "",
			"GrossAmount": "16561.23",
			"BuyerName": "13917.00",
			"TaxAmount": "2644.23",
			"CurrencyCode": "EUR",
			"CreatedAt": "2013-05-22T22:00:00",
			"ChangedAt": "2013-05-22T22:00:00.000Z",
			"CreatedByBp": "EPM USER",
			"ChangedByName": "EPM USER",
			"BusinessPartner": {
				"SoId": "100000008",
				"CompanyName": "AVANTEL",
				"Street": "Bosque de Duraznos",
				"Building": "24",
				"PostalCode": "17000",
				"City": "Mexiko City",
				"Country": "MX"
			},
			"Notes" : [
			],
			"Attachments": [
				{
					"Type" : "ppt",
					"Title" : "Execution plan",
					"Description" : "Slide deck for the execution plan",
					"Size" : "23 KB",
					"CreatedAt" : "2013-01-11T22:00:00"
				},
				{
					"Type" : "pdf",
					"Title" : "Brochure",
					"Description" : "A brochure of the desired hotel",
					"Size" : "23 KB",
					"CreatedAt" : "2013-01-11T22:00:00"
				},
				{
					"Type" : "PostalCode",
					"Title" : "Vacation images",
					"Description" : "Archive of all those images from my vacation that i have taken while being away for a very long time",
					"Size" : "5.3 MB",
					"CreatedAt" : "2013-01-11T22:00:00"
				}
			],
			"LineItems": [
				{
					"SoItemPos": "300000003",
					"Quantity": "10",
					"GrossAmount": "196.35",
					"BuyerName": "165.00",
					"TaxAmount": "31.35",
					"CurrencyCode": "JPY",
					"ProductId": "HT-1104",
					"ProductName": "Smart Games",
					"Quantity": "3.000",
					"QuantityUnit": "EA",
					"DeliveryDate": "2013-05-29T22:00:00"
				},
				{
					"SoItemPos": "300000003",
					"Quantity": "20",
					"GrossAmount": "6069.00",
					"BuyerName": "5100.00",
					"TaxAmount": "969.00",
					"CurrencyCode": "JPY",
					"ProductId": "HT-1603",
					"ProductName": "Gaming Monster Pro",
					"Quantity": "3.000",
					"QuantityUnit": "EA",
					"DeliveryDate": "2013-05-29T22:00:00"
				},
				{
					"SoItemPos": "300000003",
					"Quantity": "30",
					"GrossAmount": "8207.43",
					"BuyerName": "6897.00",
					"TaxAmount": "1310.43",
					"CurrencyCode": "JPY",
					"ProductId": "HT-1011",
					"ProductName": "Notebook Professional 17",
					"Quantity": "3.000",
					"QuantityUnit": "EA",
					"DeliveryDate": "2013-05-29T22:00:00"
				},
				{
					"SoItemPos": "300000003",
					"Quantity": "40",
					"GrossAmount": "65.45",
					"BuyerName": "55.00",
					"TaxAmount": "10.45",
					"CurrencyCode": "JPY",
					"ProductId": "HT-1104",
					"ProductName": "Smart Games",
					"Quantity": "1.000",
					"QuantityUnit": "EA",
					"DeliveryDate": "2013-05-29T22:00:00"
				},
				{
					"SoItemPos": "300000003",
					"Quantity": "50",
					"GrossAmount": "2023.00",
					"BuyerName": "1700.00",
					"TaxAmount": "323.00",
					"CurrencyCode": "JPY",
					"ProductId": "HT-1603",
					"ProductName": "Gaming Monster Pro",
					"Quantity": "1.000",
					"QuantityUnit": "EA",
					"DeliveryDate": "2013-05-29T22:00:00"
				}
			]
		},
		{
			"SoId": "300000004",
			"ApprovalStatus": "",
			"Status": "Initial",
			"ConfirmationStatus": "",
			"BillingStatus": "Initial",
			"OrderingStatus": "",
			"OrderingStatusDesc": "Initial",
			"LifecycleStatus": "P",
			"LifecycleStatusDesc": "",
			"GrossAmount": "12515.23",
			"BuyerName": "10517.00",
			"TaxAmount": "1998.23",
			"CurrencyCode": "EUR",
			"CreatedAt": "2013-05-22T22:00:00",
			"ChangedAt": "2013-05-22T22:00:00.000Z",
			"CreatedByBp": "EPM USER",
			"ChangedByName": "EPM USER",
			"BusinessPartner": {
				"SoId": "100000009",
				"CompanyName": "Telecomunicaciones Star",
				"Street": "Av. Libertador",
				"Building": "12221",
				"PostalCode": "1511",
				"City": "Buenos Aires",
				"Country": "AR"
			},
			"Notes" : [
				{
					"Author" :"George Washington",
					"Text" :"Lorem ipsum dolor sit amet, consetetur sadipscing elitr, sed diam nonumy eirmod tempor invidunt ut labore et dolore magna aliquyam erat, sed diam voluptua.",
					"CreatedAt" : "2013-05-22T22:00:00",
					"Thumbnail" : "http://upload.wikimedia.org/wikipedia/commons/2/25/George_Washington_as_CIC_of_the_Continental_Army_bust.jpg"
				},
				{
					"Author" :"Christopher Columbus",
					"Text" :"Lorem ipsum dolor sit amet, consetetur sadipscing elitr",
					"CreatedAt" : "2013-05-22T22:00:00",
					"Thumbnail" : "http://upload.wikimedia.org/wikipedia/commons/0/06/CristobalColon.jpg"
				},
				{
					"Author" :"Alexandrina Victoria",
					"Text" :"Lorem ipsum dolor sit amet, consetetur sadipscing elitr, sed diam nonumy eirmod tempor invidunt ut labore et dolore magna aliquyam erat",
					"CreatedAt" : "2013-05-22T22:00:00",
					"Thumbnail" : "http://upload.wikimedia.org/wikipedia/commons/a/aa/Dronning_victoria.jpg"
				}
			],
			"Attachments": [
				{
					"Type" : "ppt",
					"Title" : "Execution plan",
					"Description" : "Slide deck for the execution plan",
					"Size" : "23 KB",
					"CreatedAt" : "2013-01-11T22:00:00"
				}
			],
			"LineItems": [
				{
					"SoItemPos": "300000004",
					"Quantity": "10",
					"GrossAmount": "5471.62",
					"BuyerName": "4598.00",
					"TaxAmount": "873.62",
					"CurrencyCode": "JPY",
					"ProductId": "HT-1011",
					"ProductName": "Notebook Professional 17",
					"Quantity": "2.000",
					"QuantityUnit": "EA",
					"DeliveryDate": "2013-05-29T22:00:00"
				},
				{
					"SoItemPos": "300000004",
					"Quantity": "20",
					"GrossAmount": "65.45",
					"BuyerName": "55.00",
					"TaxAmount": "10.45",
					"CurrencyCode": "JPY",
					"ProductId": "HT-1104",
					"ProductName": "Smart Games",
					"Quantity": "1.000",
					"QuantityUnit": "EA",
					"DeliveryDate": "2013-05-29T22:00:00"
				},
				{
					"SoItemPos": "300000004",
					"Quantity": "30",
					"GrossAmount": "4046.00",
					"BuyerName": "3400.00",
					"TaxAmount": "646.00",
					"CurrencyCode": "JPY",
					"ProductId": "HT-1603",
					"ProductName": "Gaming Monster Pro",
					"Quantity": "2.000",
					"QuantityUnit": "EA",
					"DeliveryDate": "2013-05-29T22:00:00"
				},
				{
					"SoItemPos": "300000004",
					"Quantity": "40",
					"GrossAmount": "2735.81",
					"BuyerName": "2299.00",
					"TaxAmount": "436.81",
					"CurrencyCode": "JPY",
					"ProductId": "HT-1011",
					"ProductName": "Notebook Professional 17",
					"Quantity": "1.000",
					"QuantityUnit": "EA",
					"DeliveryDate": "2013-05-29T22:00:00"
				},
				{
					"SoItemPos": "300000004",
					"Quantity": "50",
					"GrossAmount": "196.35",
					"BuyerName": "165.00",
					"TaxAmount": "31.35",
					"CurrencyCode": "JPY",
					"ProductId": "HT-1104",
					"ProductName": "Smart Games",
					"Quantity": "3.000",
					"QuantityUnit": "EA",
					"DeliveryDate": "2013-05-29T22:00:00"
				}
			]
		},
		{
			"SoId": "300000005",
			"ApprovalStatus": "",
			"Status": "Initial",
			"ConfirmationStatus": "",
			"BillingStatus": "Initial",
			"OrderingStatus": "",
			"OrderingStatusDesc": "Initial",
			"LifecycleStatus": "N",
			"LifecycleStatusDesc": "Neu",
			"GrossAmount": "8368.08",
			"BuyerName": "7032.00",
			"TaxAmount": "1336.08",
			"CurrencyCode": "EUR",
			"CreatedAt": "2013-05-22T22:00:00",
			"ChangedAt": "2013-05-22T22:00:00.000Z",
			"CreatedByBp": "EPM USER",
			"ChangedByName": "EPM USER",
			"BusinessPartner": {
				"SoId": "100000008",
				"CompanyName": "AVANTEL",
				"Street": "Bosque de Duraznos",
				"Building": "24",
				"PostalCode": "17000",
				"City": "Mexiko City",
				"Country": "MX"
			},
			"Notes" : [
				{
					"Author" :"George Washington",
					"Text" :"Lorem ipsum dolor sit amet, consetetur sadipscing elitr, sed diam nonumy eirmod tempor invidunt ut labore et dolore magna aliquyam erat, sed diam voluptua.",
					"CreatedAt" : "2013-05-22T22:00:00",
					"Thumbnail" : "http://upload.wikimedia.org/wikipedia/commons/2/25/George_Washington_as_CIC_of_the_Continental_Army_bust.jpg"
				},
				{
					"Author" :"Christopher Columbus",
					"Text" :"Lorem ipsum dolor sit amet, consetetur sadipscing elitr",
					"CreatedAt" : "2013-05-22T22:00:00",
					"Thumbnail" : "http://upload.wikimedia.org/wikipedia/commons/0/06/CristobalColon.jpg"
				}
			],
			"Attachments": [
				{
					"Type" : "ppt",
					"Title" : "Execution plan",
					"Description" : "Slide deck for the execution plan",
					"Size" : "23 KB",
					"CreatedAt" : "2013-01-11T22:00:00"
				}
			],
			"LineItems": [
				{
					"SoItemPos": "300000005",
					"Quantity": "10",
					"GrossAmount": "1071.00",
					"BuyerName": "900.00",
					"TaxAmount": "171.00",
					"CurrencyCode": "MXN",
					"ProductId": "HT-1601",
					"ProductName": "Family PC Pro",
					"Quantity": "1.000",
					"QuantityUnit": "EA",
					"DeliveryDate": "2013-05-29T22:00:00"
				},
				{
					"SoItemPos": "300000005",
					"Quantity": "20",
					"GrossAmount": "354.62",
					"BuyerName": "298.00",
					"TaxAmount": "56.62",
					"CurrencyCode": "MXN",
					"ProductId": "HT-1021",
					"ProductName": "Easy Hand V",
					"Quantity": "2.000",
					"QuantityUnit": "EA",
					"DeliveryDate": "2013-05-29T22:00:00"
				},
				{
					"SoItemPos": "300000005",
					"Quantity": "30",
					"GrossAmount": "80.92",
					"BuyerName": "68.00",
					"TaxAmount": "12.92",
					"CurrencyCode": "MXN",
					"ProductId": "HT-1106",
					"ProductName": "Smart Firewall",
					"Quantity": "2.000",
					"QuantityUnit": "EA",
					"DeliveryDate": "2013-05-29T22:00:00"
				},
				{
					"SoItemPos": "300000005",
					"Quantity": "40",
					"GrossAmount": "3213.00",
					"BuyerName": "2700.00",
					"TaxAmount": "513.00",
					"CurrencyCode": "MXN",
					"ProductId": "HT-1601",
					"ProductName": "Family PC Pro",
					"Quantity": "3.000",
					"QuantityUnit": "EA",
					"DeliveryDate": "2013-05-29T22:00:00"
				},
				{
					"SoItemPos": "300000005",
					"Quantity": "50",
					"GrossAmount": "354.62",
					"BuyerName": "298.00",
					"TaxAmount": "56.62",
					"CurrencyCode": "MXN",
					"ProductId": "HT-1021",
					"ProductName": "Easy Hand V",
					"Quantity": "2.000",
					"QuantityUnit": "EA",
					"DeliveryDate": "2013-05-29T22:00:00"
				},
				{
					"SoItemPos": "300000005",
					"Quantity": "60",
					"GrossAmount": "80.92",
					"BuyerName": "68.00",
					"TaxAmount": "12.92",
					"CurrencyCode": "MXN",
					"ProductId": "HT-1106",
					"ProductName": "Smart Firewall",
					"Quantity": "2.000",
					"QuantityUnit": "EA",
					"DeliveryDate": "2013-05-29T22:00:00"
				},
				{
					"SoItemPos": "300000005",
					"Quantity": "70",
					"GrossAmount": "3213.00",
					"BuyerName": "2700.00",
					"TaxAmount": "513.00",
					"CurrencyCode": "MXN",
					"ProductId": "HT-1601",
					"ProductName": "Family PC Pro",
					"Quantity": "3.000",
					"QuantityUnit": "EA",
					"DeliveryDate": "2013-05-29T22:00:00"
				}
			]
		},
		{
			"SoId": "300000006",
			"ApprovalStatus": "",
			"Status": "Initial",
			"ConfirmationStatus": "",
			"BillingStatus": "Initial",
			"OrderingStatus": "",
			"OrderingStatusDesc": "Initial",
			"LifecycleStatus": "N",
			"LifecycleStatusDesc": "Neu",
			"GrossAmount": "6146.19",
			"BuyerName": "5164.87",
			"TaxAmount": "981.32",
			"CurrencyCode": "EUR",
			"CreatedAt": "2013-05-22T22:00:00",
			"ChangedAt": "2013-05-22T22:00:00.000Z",
			"CreatedByBp": "EPM USER",
			"ChangedByName": "EPM USER",
			"BusinessPartner": {
				"SoId": "100000003",
				"CompanyName": "Talpa",
				"Street": "An der Breiten Wiese",
				"Building": "422",
				"PostalCode": "30625",
				"City": "Hannover",
				"Country": "DE"
			},
			"Notes" : [
				{
					"Author" :"George Washington",
					"Text" :"Lorem ipsum dolor sit amet, consetetur sadipscing elitr, sed diam nonumy eirmod tempor invidunt ut labore et dolore magna aliquyam erat, sed diam voluptua.",
					"CreatedAt" : "2013-05-22T22:00:00",
					"Thumbnail" : "http://upload.wikimedia.org/wikipedia/commons/2/25/George_Washington_as_CIC_of_the_Continental_Army_bust.jpg"
				}
			],
			"Attachments": [
			],
			"LineItems": [
				{
					"SoItemPos": "300000006",
					"Quantity": "10",
					"GrossAmount": "5890.50",
					"BuyerName": "4950.00",
					"TaxAmount": "940.50",
					"CurrencyCode": "EUR",
					"ProductId": "HT-1003",
					"ProductName": "Notebook Basic 19",
					"Quantity": "3.000",
					"QuantityUnit": "EA",
					"DeliveryDate": "2013-05-29T22:00:00"
				},
				{
					"SoItemPos": "300000006",
					"Quantity": "20",
					"GrossAmount": "95.08",
					"BuyerName": "79.90",
					"TaxAmount": "15.18",
					"CurrencyCode": "EUR",
					"ProductId": "HT-1101",
					"ProductName": "Smart Design",
					"Quantity": "1.000",
					"QuantityUnit": "EA",
					"DeliveryDate": "2013-05-29T22:00:00"
				},
				{
					"SoItemPos": "300000006",
					"Quantity": "30",
					"GrossAmount": "160.61",
					"BuyerName": "134.97",
					"TaxAmount": "25.64",
					"CurrencyCode": "EUR",
					"ProductId": "HT-2025",
					"ProductName": "CD/DVD case: 264 capacity",
					"Quantity": "3.000",
					"QuantityUnit": "EA",
					"DeliveryDate": "2013-05-29T22:00:00"
				}
			]
		},
		{
			"SoId": "300000007",
			"ApprovalStatus": "",
			"Status": "Initial",
			"ConfirmationStatus": "",
			"BillingStatus": "Initial",
			"OrderingStatus": "",
			"OrderingStatusDesc": "Initial",
			"LifecycleStatus": "N",
			"LifecycleStatusDesc": "Neu",
			"GrossAmount": "5720.31",
			"BuyerName": "4806.98",
			"TaxAmount": "913.33",
			"CurrencyCode": "EUR",
			"CreatedAt": "2013-05-22T22:00:00",
			"ChangedAt": "2013-05-22T22:00:00.000Z",
			"CreatedByBp": "EPM USER",
			"ChangedByName": "EPM USER",
			"BusinessPartner": {
				"SoId": "100000003",
				"CompanyName": "Talpa",
				"Street": "An der Breiten Wiese",
				"Building": "422",
				"PostalCode": "30625",
				"City": "Hannover",
				"Country": "DE"
			},
			"Notes" : [
			],
			"Attachments": [
				{
					"Type" : "ppt",
					"Title" : "Execution plan",
					"Description" : "Slide deck for the execution plan",
					"Size" : "23 KB",
					"CreatedAt" : "2013-01-11T22:00:00"
				},
				{
					"Type" : "pdf",
					"Title" : "Brochure",
					"Description" : "A brochure of the desired hotel",
					"Size" : "23 KB",
					"CreatedAt" : "2013-01-11T22:00:00"
				},
				{
					"Type" : "PostalCode",
					"Title" : "Vacation images",
					"Description" : "Archive of all those images from my vacation that i have taken while being away for a very long time",
					"Size" : "5.3 MB",
					"CreatedAt" : "2013-01-11T22:00:00"
				}
			],
			"LineItems": [
				{
					"SoItemPos": "300000007",
					"Quantity": "10",
					"GrossAmount": "1187.62",
					"BuyerName": "998.00",
					"TaxAmount": "189.62",
					"CurrencyCode": "USD",
					"ProductId": "HT-1007",
					"ProductName": "1UMTS PDA",
					"Quantity": "2.000",
					"QuantityUnit": "EA",
					"DeliveryDate": "2013-05-29T22:00:00"
				},
				{
					"SoItemPos": "300000007",
					"Quantity": "20",
					"GrossAmount": "246.33",
					"BuyerName": "207.00",
					"TaxAmount": "39.33",
					"CurrencyCode": "USD",
					"ProductId": "HT-1102",
					"ProductName": "Smart Network",
					"Quantity": "3.000",
					"QuantityUnit": "EA",
					"DeliveryDate": "2013-05-29T22:00:00"
				},
				{
					"SoItemPos": "300000007",
					"Quantity": "30",
					"GrossAmount": "535.49",
					"BuyerName": "449.99",
					"TaxAmount": "85.50",
					"CurrencyCode": "USD",
					"ProductId": "HT-2001",
					"ProductName": "10\" Portable DVD player",
					"Quantity": "1.000",
					"QuantityUnit": "EA",
					"DeliveryDate": "2013-05-29T22:00:00"
				},
				{
					"SoItemPos": "300000007",
					"Quantity": "40",
					"GrossAmount": "1187.62",
					"BuyerName": "998.00",
					"TaxAmount": "189.62",
					"CurrencyCode": "USD",
					"ProductId": "HT-1007",
					"ProductName": "1UMTS PDA",
					"Quantity": "2.000",
					"QuantityUnit": "EA",
					"DeliveryDate": "2013-05-29T22:00:00"
				},
				{
					"SoItemPos": "300000007",
					"Quantity": "50",
					"GrossAmount": "164.22",
					"BuyerName": "138.00",
					"TaxAmount": "26.22",
					"CurrencyCode": "USD",
					"ProductId": "HT-1102",
					"ProductName": "Smart Network",
					"Quantity": "2.000",
					"QuantityUnit": "EA",
					"DeliveryDate": "2013-05-29T22:00:00"
				},
				{
					"SoItemPos": "300000007",
					"Quantity": "60",
					"GrossAmount": "535.49",
					"BuyerName": "449.99",
					"TaxAmount": "85.50",
					"CurrencyCode": "USD",
					"ProductId": "HT-2001",
					"ProductName": "10\" Portable DVD player",
					"Quantity": "1.000",
					"QuantityUnit": "EA",
					"DeliveryDate": "2013-05-29T22:00:00"
				},
				{
					"SoItemPos": "300000007",
					"Quantity": "70",
					"GrossAmount": "1781.43",
					"BuyerName": "1497.00",
					"TaxAmount": "284.43",
					"CurrencyCode": "USD",
					"ProductId": "HT-1007",
					"ProductName": "1UMTS PDA",
					"Quantity": "3.000",
					"QuantityUnit": "EA",
					"DeliveryDate": "2013-05-29T22:00:00"
				},
				{
					"SoItemPos": "300000007",
					"Quantity": "80",
					"GrossAmount": "82.11",
					"BuyerName": "69.00",
					"TaxAmount": "13.11",
					"CurrencyCode": "USD",
					"ProductId": "HT-1102",
					"ProductName": "Smart Network",
					"Quantity": "1.000",
					"QuantityUnit": "EA",
					"DeliveryDate": "2013-05-29T22:00:00"
				}
			]
		},
		{
			"SoId": "300000008",
			"ApprovalStatus": "",
			"Status": "Initial",
			"ConfirmationStatus": "",
			"BillingStatus": "Initial",
			"OrderingStatus": "",
			"OrderingStatusDesc": "Initial",
			"LifecycleStatus": "N",
			"LifecycleStatusDesc": "Neu",
			"GrossAmount": "4444.17",
			"BuyerName": "3734.60",
			"TaxAmount": "709.57",
			"CurrencyCode": "EUR",
			"CreatedAt": "2013-05-22T22:00:00",
			"ChangedAt": "2013-05-22T22:00:00.000Z",
			"CreatedByBp": "EPM USER",
			"ChangedByName": "EPM USER",
			"BusinessPartner": {
				"SoId": "100000003",
				"CompanyName": "Talpa",
				"Street": "An der Breiten Wiese",
				"Building": "422",
				"PostalCode": "30625",
				"City": "Hannover",
				"Country": "DE"
			},
			"Notes" : [
				{
					"Author" :"George Washington",
					"Text" :"Lorem ipsum dolor sit amet, consetetur sadipscing elitr, sed diam nonumy eirmod tempor invidunt ut labore et dolore magna aliquyam erat, sed diam voluptua.",
					"CreatedAt" : "2013-05-22T22:00:00",
					"Thumbnail" : "http://upload.wikimedia.org/wikipedia/commons/2/25/George_Washington_as_CIC_of_the_Continental_Army_bust.jpg"
				},
				{
					"Author" :"Christopher Columbus",
					"Text" :"Lorem ipsum dolor sit amet, consetetur sadipscing elitr",
					"CreatedAt" : "2013-05-22T22:00:00",
					"Thumbnail" : "http://upload.wikimedia.org/wikipedia/commons/0/06/CristobalColon.jpg"
				},
				{
					"Author" :"Alexandrina Victoria",
					"Text" :"Lorem ipsum dolor sit amet, consetetur sadipscing elitr, sed diam nonumy eirmod tempor invidunt ut labore et dolore magna aliquyam erat",
					"CreatedAt" : "2013-05-22T22:00:00",
					"Thumbnail" : "http://upload.wikimedia.org/wikipedia/commons/a/aa/Dronning_victoria.jpg"
				}
			],
			"Attachments": [
				{
					"Type" : "ppt",
					"Title" : "Execution plan",
					"Description" : "Slide deck for the execution plan",
					"Size" : "23 KB",
					"CreatedAt" : "2013-01-11T22:00:00"
				},
				{
					"Type" : "pdf",
					"Title" : "Brochure",
					"Description" : "A brochure of the desired hotel",
					"Size" : "23 KB",
					"CreatedAt" : "2013-01-11T22:00:00"
				}
			],
			"LineItems": [
				{
					"SoItemPos": "300000008",
					"Quantity": "10",
					"GrossAmount": "1428.00",
					"BuyerName": "1200.00",
					"TaxAmount": "228.00",
					"CurrencyCode": "ARS",
					"ProductId": "HT-1600",
					"ProductName": "Family PC Basic",
					"Quantity": "2.000",
					"QuantityUnit": "EA",
					"DeliveryDate": "2013-05-29T22:00:00"
				},
				{
					"SoItemPos": "300000008",
					"Quantity": "20",
					"GrossAmount": "487.90",
					"BuyerName": "410.00",
					"TaxAmount": "77.90",
					"CurrencyCode": "ARS",
					"ProductId": "HT-1022",
					"ProductName": "Easy Hand VII",
					"Quantity": "2.000",
					"QuantityUnit": "EA",
					"DeliveryDate": "2013-05-29T22:00:00"
				},
				{
					"SoItemPos": "300000008",
					"Quantity": "30",
					"GrossAmount": "71.16",
					"BuyerName": "59.80",
					"TaxAmount": "11.36",
					"CurrencyCode": "ARS",
					"ProductId": "HT-1107",
					"ProductName": "Smart Money",
					"Quantity": "2.000",
					"QuantityUnit": "EA",
					"DeliveryDate": "2013-05-29T22:00:00"
				},
				{
					"SoItemPos": "300000008",
					"Quantity": "40",
					"GrossAmount": "2142.00",
					"BuyerName": "1800.00",
					"TaxAmount": "342.00",
					"CurrencyCode": "ARS",
					"ProductId": "HT-1600",
					"ProductName": "Family PC Basic",
					"Quantity": "3.000",
					"QuantityUnit": "EA",
					"DeliveryDate": "2013-05-29T22:00:00"
				},
				{
					"SoItemPos": "300000008",
					"Quantity": "50",
					"GrossAmount": "243.95",
					"BuyerName": "205.00",
					"TaxAmount": "38.95",
					"CurrencyCode": "ARS",
					"ProductId": "HT-1022",
					"ProductName": "Easy Hand VII",
					"Quantity": "1.000",
					"QuantityUnit": "EA",
					"DeliveryDate": "2013-05-29T22:00:00"
				},
				{
					"SoItemPos": "300000008",
					"Quantity": "60",
					"GrossAmount": "71.16",
					"BuyerName": "59.80",
					"TaxAmount": "11.36",
					"CurrencyCode": "ARS",
					"ProductId": "HT-1107",
					"ProductName": "Smart Money",
					"Quantity": "2.000",
					"QuantityUnit": "EA",
					"DeliveryDate": "2013-05-29T22:00:00"
				}
			]
		},
		{
			"SoId": "300000009",
			"ApprovalStatus": "",
			"Status": "Initial",
			"ConfirmationStatus": "",
			"BillingStatus": "Initial",
			"OrderingStatus": "",
			"OrderingStatusDesc": "Initial",
			"LifecycleStatus": "N",
			"LifecycleStatusDesc": "Neu",
			"GrossAmount": "3453.38",
			"BuyerName": "2902.00",
			"TaxAmount": "551.38",
			"CurrencyCode": "EUR",
			"CreatedAt": "2013-05-22T22:00:00",
			"ChangedAt": "2013-05-22T22:00:00.000Z",
			"CreatedByBp": "EPM USER",
			"ChangedByName": "EPM USER",
			"BusinessPartner" : {
				"CompanyName": "SAP AG",
				"SoId": "100000000",
				"Street": "Dietmar-Hopp-Allee",
				"Building": "15",
				"PostalCode": "69190",
				"City": "Walldorf",
				"Country": "DE"
			},
			"Notes" : [
				{
					"Author" :"George Washington",
					"Text" :"Lorem ipsum dolor sit amet, consetetur sadipscing elitr, sed diam nonumy eirmod tempor invidunt ut labore et dolore magna aliquyam erat, sed diam voluptua.",
					"CreatedAt" : "2013-05-22T22:00:00",
					"Thumbnail" : "http://upload.wikimedia.org/wikipedia/commons/2/25/George_Washington_as_CIC_of_the_Continental_Army_bust.jpg"
				},
				{
					"Author" :"Christopher Columbus",
					"Text" :"Lorem ipsum dolor sit amet, consetetur sadipscing elitr",
					"CreatedAt" : "2013-05-22T22:00:00",
					"Thumbnail" : "http://upload.wikimedia.org/wikipedia/commons/0/06/CristobalColon.jpg"
				}
			],
			"Attachments": [
				{
					"Type" : "ppt",
					"Title" : "Execution plan",
					"Description" : "Slide deck for the execution plan",
					"Size" : "23 KB",
					"CreatedAt" : "2013-01-11T22:00:00"
				}
			],
			"LineItems": [
				{
					"SoItemPos": "300000009",
					"Quantity": "10",
					"GrossAmount": "1116.22",
					"BuyerName": "938.00",
					"TaxAmount": "178.22",
					"CurrencyCode": "EUR",
					"ProductId": "HT-6100",
					"ProductName": "Beam Breaker B-1",
					"Quantity": "2.000",
					"QuantityUnit": "EA",
					"DeliveryDate": "2013-05-29T22:00:00"
				},
				{
					"SoItemPos": "300000009",
					"Quantity": "20",
					"GrossAmount": "2275.28",
					"BuyerName": "1912.00",
					"TaxAmount": "363.28",
					"CurrencyCode": "EUR",
					"ProductId": "HT-1000",
					"ProductName": "Notebook Basic 15",
					"Quantity": "2.000",
					"QuantityUnit": "EA",
					"DeliveryDate": "2013-05-29T22:00:00"
				},
				{
					"SoItemPos": "300000009",
					"Quantity": "30",
					"GrossAmount": "61.88",
					"BuyerName": "52.00",
					"TaxAmount": "9.88",
					"CurrencyCode": "EUR",
					"ProductId": "HT-1091",
					"ProductName": "Blaster Extreme",
					"Quantity": "2.000",
					"QuantityUnit": "EA",
					"DeliveryDate": "2013-05-29T22:00:00"
				}
			]
		},
		{
			"SoId": "300000010",
			"ApprovalStatus": "",
			"Status": "Initial",
			"ConfirmationStatus": "",
			"BillingStatus": "Initial",
			"OrderingStatus": "",
			"OrderingStatusDesc": "Initial",
			"LifecycleStatus": "N",
			"LifecycleStatusDesc": "Neu",
			"GrossAmount": "8150.94",
			"BuyerName": "6849.53",
			"TaxAmount": "1301.41",
			"CurrencyCode": "EUR",
			"CreatedAt": "2013-05-22T22:00:00",
			"ChangedAt": "2013-05-22T22:00:00.000Z",
			"CreatedByBp": "EPM USER",
			"ChangedByName": "EPM USER",
			"BusinessPartner": {
				"SoId": "100000002",
				"CompanyName": "DelBont Industries",
				"Street": "1 2345 King Street",
				"Building": "1",
				"PostalCode": "19899",
				"City": "Wilmington, Delaware",
				"Country": "US"
			},
			"Notes" : [
				{
					"Author" :"George Washington",
					"Text" :"Lorem ipsum dolor sit amet, consetetur sadipscing elitr, sed diam nonumy eirmod tempor invidunt ut labore et dolore magna aliquyam erat, sed diam voluptua.",
					"CreatedAt" : "2013-05-22T22:00:00",
					"Thumbnail" : "http://upload.wikimedia.org/wikipedia/commons/2/25/George_Washington_as_CIC_of_the_Continental_Army_bust.jpg"
				}
			],
			"Attachments": [
			],
			"LineItems": [
				{
					"SoItemPos": "300000010",
					"Quantity": "10",
					"GrossAmount": "71.38",
					"BuyerName": "59.98",
					"TaxAmount": "11.40",
					"CurrencyCode": "USD",
					"ProductId": "HT-2026",
					"ProductName": "Audio/Video Cable Kit - 12 ft",
					"Quantity": "2.000",
					"QuantityUnit": "EA",
					"DeliveryDate": "2013-05-29T22:00:00"
				},
				{
					"SoItemPos": "300000010",
					"Quantity": "20",
					"GrossAmount": "3736.60",
					"BuyerName": "3140.00",
					"TaxAmount": "596.60",
					"CurrencyCode": "USD",
					"ProductId": "HT-1002",
					"ProductName": "Notebook Basic 18",
					"Quantity": "2.000",
					"QuantityUnit": "EA",
					"DeliveryDate": "2013-05-29T22:00:00"
				},
				{
					"SoItemPos": "300000010",
					"Quantity": "30",
					"GrossAmount": "320.94",
					"BuyerName": "269.70",
					"TaxAmount": "51.24",
					"CurrencyCode": "USD",
					"ProductId": "HT-1100",
					"ProductName": "Smart Office",
					"Quantity": "3.000",
					"QuantityUnit": "EA",
					"DeliveryDate": "2013-05-29T22:00:00"
				},
				{
					"SoItemPos": "300000010",
					"Quantity": "40",
					"GrossAmount": "71.38",
					"BuyerName": "59.98",
					"TaxAmount": "11.40",
					"CurrencyCode": "USD",
					"ProductId": "HT-2026",
					"ProductName": "Audio/Video Cable Kit - 12 ft",
					"Quantity": "2.000",
					"QuantityUnit": "EA",
					"DeliveryDate": "2013-05-29T22:00:00"
				},
				{
					"SoItemPos": "300000010",
					"Quantity": "50",
					"GrossAmount": "3736.60",
					"BuyerName": "3140.00",
					"TaxAmount": "596.60",
					"CurrencyCode": "USD",
					"ProductId": "HT-1002",
					"ProductName": "Notebook Basic 18",
					"Quantity": "2.000",
					"QuantityUnit": "EA",
					"DeliveryDate": "2013-05-29T22:00:00"
				},
				{
					"SoItemPos": "300000010",
					"Quantity": "60",
					"GrossAmount": "106.98",
					"BuyerName": "89.90",
					"TaxAmount": "17.08",
					"CurrencyCode": "USD",
					"ProductId": "HT-1100",
					"ProductName": "Smart Office",
					"Quantity": "1.000",
					"QuantityUnit": "EA",
					"DeliveryDate": "2013-05-29T22:00:00"
				},
				{
					"SoItemPos": "300000010",
					"Quantity": "70",
					"GrossAmount": "107.06",
					"BuyerName": "89.97",
					"TaxAmount": "17.09",
					"CurrencyCode": "USD",
					"ProductId": "HT-2026",
					"ProductName": "Audio/Video Cable Kit - 12 ft",
					"Quantity": "3.000",
					"QuantityUnit": "EA",
					"DeliveryDate": "2013-05-29T22:00:00"
				}
			]
		},
		{
			"SoId": "300000011",
			"ApprovalStatus": "",
			"Status": "Initial",
			"ConfirmationStatus": "",
			"BillingStatus": "Initial",
			"OrderingStatus": "",
			"OrderingStatusDesc": "Initial",
			"LifecycleStatus": "N",
			"LifecycleStatusDesc": "Neu",
			"GrossAmount": "3040.41",
			"BuyerName": "2554.97",
			"TaxAmount": "485.44",
			"CurrencyCode": "EUR",
			"CreatedAt": "2013-05-22T22:00:00",
			"ChangedAt": "2013-05-22T22:00:00.000Z",
			"CreatedByBp": "EPM USER",
			"ChangedByName": "EPM USER",
			"BusinessPartner": {
				"SoId": "100000008",
				"CompanyName": "AVANTEL",
				"Street": "Bosque de Duraznos",
				"Building": "24",
				"PostalCode": "17000",
				"City": "Mexiko City",
				"Country": "MX"
			},
			"Notes" : [
			],
			"Attachments": [
				{
					"Type" : "ppt",
					"Title" : "Execution plan",
					"Description" : "Slide deck for the execution plan",
					"Size" : "23 KB",
					"CreatedAt" : "2013-01-11T22:00:00"
				},
				{
					"Type" : "pdf",
					"Title" : "Brochure",
					"Description" : "A brochure of the desired hotel",
					"Size" : "23 KB",
					"CreatedAt" : "2013-01-11T22:00:00"
				},
				{
					"Type" : "PostalCode",
					"Title" : "Vacation images",
					"Description" : "Archive of all those images from my vacation that i have taken while being away for a very long time",
					"Size" : "5.3 MB",
					"CreatedAt" : "2013-01-11T22:00:00"
				}
			],
			"LineItems": [
				{
					"SoItemPos": "300000011",
					"Quantity": "10",
					"GrossAmount": "593.81",
					"BuyerName": "499.00",
					"TaxAmount": "94.81",
					"CurrencyCode": "USD",
					"ProductId": "HT-1007",
					"ProductName": "1UMTS PDA",
					"Quantity": "1.000",
					"QuantityUnit": "EA",
					"DeliveryDate": "2013-05-29T22:00:00"
				},
				{
					"SoItemPos": "300000011",
					"Quantity": "20",
					"GrossAmount": "246.33",
					"BuyerName": "207.00",
					"TaxAmount": "39.33",
					"CurrencyCode": "USD",
					"ProductId": "HT-1102",
					"ProductName": "Smart Network",
					"Quantity": "3.000",
					"QuantityUnit": "EA",
					"DeliveryDate": "2013-05-29T22:00:00"
				},
				{
					"SoItemPos": "300000011",
					"Quantity": "30",
					"GrossAmount": "1606.46",
					"BuyerName": "1349.97",
					"TaxAmount": "256.49",
					"CurrencyCode": "USD",
					"ProductId": "HT-2001",
					"ProductName": "10\" Portable DVD player",
					"Quantity": "3.000",
					"QuantityUnit": "EA",
					"DeliveryDate": "2013-05-29T22:00:00"
				},
				{
					"SoItemPos": "300000011",
					"Quantity": "40",
					"GrossAmount": "593.81",
					"BuyerName": "499.00",
					"TaxAmount": "94.81",
					"CurrencyCode": "USD",
					"ProductId": "HT-1007",
					"ProductName": "1UMTS PDA",
					"Quantity": "1.000",
					"QuantityUnit": "EA",
					"DeliveryDate": "2013-05-29T22:00:00"
				}
			]
		}
	]
}