{ "businessData" : [
{
	"Date" : 1388534400000,
	"Days" : "2014/01/01",
	"Day" : "01",
	"Month" : "January",
	"Year" : "2014",
	"Unique Visitors" : 198,
	"Visits" : 379,
	"Pages" : 86,
	"Hits" : 252,
	"Bandwidth" : 189
},
{
	"Date" : 1388620800000,
	"Days" : "2014/01/02",
	"Day" : "02",
	"Month" : "January",
	"Year" : "2014",
	"Unique Visitors" : 214,
	"Visits" : 54,
	"Pages" : 176,
	"Hits" : 102,
	"Bandwidth" : 31
},
{
	"Date" : 1388707200000,
	"Days" : "2014/01/03",
	"Day" : "03",
	"Month" : "January",
	"Year" : "2014",
	"Unique Visitors" : 244,
	"Visits" : 136,
	"Pages" : 178,
	"Hits" : 302,
	"Bandwidth" : 224
},
{
	"Date" : 1388793600000,
	"Days" : "2014/01/04",
	"Day" : "04",
	"Month" : "January",
	"Year" : "2014",
	"Unique Visitors" : 213,
	"Visits" : 4,
	"Pages" : 105,
	"Hits" : 332,
	"Bandwidth" : 243
},
{
	"Date" : 1388880000000,
	"Days" : "2014/01/05",
	"Day" : "05",
	"Month" : "January",
	"Year" : "2014",
	"Unique Visitors" : 136,
	"Visits" : 29,
	"Pages" : 81,
	"Hits" : 93,
	"Bandwidth" : 142
},
{
	"Date" : 1388966400000,
	"Days" : "2014/01/06",
	"Day" : "06",
	"Month" : "January",
	"Year" : "2014",
	"Unique Visitors" : 299,
	"Visits" : 106,
	"Pages" : 62,
	"Hits" : 165,
	"Bandwidth" : 204
},
{
	"Date" : 1389052800000,
	"Days" : "2014/01/07",
	"Day" : "07",
	"Month" : "January",
	"Year" : "2014",
	"Unique Visitors" : 152,
	"Visits" : 177,
	"Pages" : 221,
	"Hits" : 397,
	"Bandwidth" : 230
},
{
	"Date" : 1389139200000,
	"Days" : "2014/01/08",
	"Day" : "08",
	"Month" : "January",
	"Year" : "2014",
	"Unique Visitors" : 4,
	"Visits" : 52,
	"Pages" : 399,
	"Hits" : 171,
	"Bandwidth" : 126
},
{
	"Date" : 1389225600000,
	"Days" : "2014/01/09",
	"Day" : "09",
	"Month" : "January",
	"Year" : "2014",
	"Unique Visitors" : 154,
	"Visits" : 279,
	"Pages" : 8,
	"Hits" : 15,
	"Bandwidth" : 141
},
{
	"Date" : 1389312000000,
	"Days" : "2014/01/10",
	"Day" : "10",
	"Month" : "January",
	"Year" : "2014",
	"Unique Visitors" : 343,
	"Visits" : 338,
	"Pages" : 66,
	"Hits" : 217,
	"Bandwidth" : 216
},
{
	"Date" : 1389398400000,
	"Days" : "2014/01/11",
	"Day" : "11",
	"Month" : "January",
	"Year" : "2014",
	"Unique Visitors" : 170,
	"Visits" : 378,
	"Pages" : 161,
	"Hits" : 223,
	"Bandwidth" : 44
},
{
	"Date" : 1389484800000,
	"Days" : "2014/01/12",
	"Day" : "12",
	"Month" : "January",
	"Year" : "2014",
	"Unique Visitors" : 373,
	"Visits" : 136,
	"Pages" : 374,
	"Hits" : 228,
	"Bandwidth" : 103
},
{
	"Date" : 1389571200000,
	"Days" : "2014/01/13",
	"Day" : "13",
	"Month" : "January",
	"Year" : "2014",
	"Unique Visitors" : 292,
	"Visits" : 171,
	"Pages" : 38,
	"Hits" : 270,
	"Bandwidth" : 47
},
{
	"Date" : 1389657600000,
	"Days" : "2014/01/14",
	"Day" : "14",
	"Month" : "January",
	"Year" : "2014",
	"Unique Visitors" : 7,
	"Visits" : 365,
	"Pages" : 396,
	"Hits" : 47,
	"Bandwidth" : 65
},
{
	"Date" : 1389744000000,
	"Days" : "2014/01/15",
	"Day" : "15",
	"Month" : "January",
	"Year" : "2014",
	"Unique Visitors" : 165,
	"Visits" : 352,
	"Pages" : 337,
	"Hits" : 228,
	"Bandwidth" : 389
},
{
	"Date" : 1389830400000,
	"Days" : "2014/01/16",
	"Day" : "16",
	"Month" : "January",
	"Year" : "2014",
	"Unique Visitors" : 189,
	"Visits" : 325,
	"Pages" : 157,
	"Hits" : 115,
	"Bandwidth" : 69
},
{
	"Date" : 1389916800000,
	"Days" : "2014/01/17",
	"Day" : "17",
	"Month" : "January",
	"Year" : "2014",
	"Unique Visitors" : 372,
	"Visits" : 1,
	"Pages" : 246,
	"Hits" : 299,
	"Bandwidth" : 315
},
{
	"Date" : 1390003200000,
	"Days" : "2014/01/18",
	"Day" : "18",
	"Month" : "January",
	"Year" : "2014",
	"Unique Visitors" : 73,
	"Visits" : 325,
	"Pages" : 126,
	"Hits" : 352,
	"Bandwidth" : 312
},
{
	"Date" : 1390089600000,
	"Days" : "2014/01/19",
	"Day" : "19",
	"Month" : "January",
	"Year" : "2014",
	"Unique Visitors" : 374,
	"Visits" : 281,
	"Pages" : 145,
	"Hits" : 130,
	"Bandwidth" : 27
},
{
	"Date" : 1390176000000,
	"Days" : "2014/01/20",
	"Day" : "20",
	"Month" : "January",
	"Year" : "2014",
	"Unique Visitors" : 355,
	"Visits" : 219,
	"Pages" : 135,
	"Hits" : 43,
	"Bandwidth" : 68
},
{
	"Date" : 1390262400000,
	"Days" : "2014/01/21",
	"Day" : "21",
	"Month" : "January",
	"Year" : "2014",
	"Unique Visitors" : 134,
	"Visits" : 255,
	"Pages" : 117,
	"Hits" : 245,
	"Bandwidth" : 345
},
{
	"Date" : 1390348800000,
	"Days" : "2014/01/22",
	"Day" : "22",
	"Month" : "January",
	"Year" : "2014",
	"Unique Visitors" : 109,
	"Visits" : 128,
	"Pages" : 234,
	"Hits" : 157,
	"Bandwidth" : 210
},
{
	"Date" : 1390435200000,
	"Days" : "2014/01/23",
	"Day" : "23",
	"Month" : "January",
	"Year" : "2014",
	"Unique Visitors" : 314,
	"Visits" : 152,
	"Pages" : 167,
	"Hits" : 270,
	"Bandwidth" : 326
},
{
	"Date" : 1390521600000,
	"Days" : "2014/01/24",
	"Day" : "24",
	"Month" : "January",
	"Year" : "2014",
	"Unique Visitors" : 191,
	"Visits" : 51,
	"Pages" : 152,
	"Hits" : 109,
	"Bandwidth" : 176
},
{
	"Date" : 1390608000000,
	"Days" : "2014/01/25",
	"Day" : "25",
	"Month" : "January",
	"Year" : "2014",
	"Unique Visitors" : 170,
	"Visits" : 386,
	"Pages" : 210,
	"Hits" : 35,
	"Bandwidth" : 245
},
{
	"Date" : 1390694400000,
	"Days" : "2014/01/26",
	"Day" : "26",
	"Month" : "January",
	"Year" : "2014",
	"Unique Visitors" : 102,
	"Visits" : 267,
	"Pages" : 391,
	"Hits" : 274,
	"Bandwidth" : 324
},
{
	"Date" : 1390780800000,
	"Days" : "2014/01/27",
	"Day" : "27",
	"Month" : "January",
	"Year" : "2014",
	"Unique Visitors" : 211,
	"Visits" : 134,
	"Pages" : 252,
	"Hits" : 20,
	"Bandwidth" : 51
},
{
	"Date" : 1390867200000,
	"Days" : "2014/01/28",
	"Day" : "28",
	"Month" : "January",
	"Year" : "2014",
	"Unique Visitors" : 254,
	"Visits" : 305,
	"Pages" : 312,
	"Hits" : 353,
	"Bandwidth" : 198
},
{
	"Date" : 1390953600000,
	"Days" : "2014/01/29",
	"Day" : "29",
	"Month" : "January",
	"Year" : "2014",
	"Unique Visitors" : 290,
	"Visits" : 338,
	"Pages" : 367,
	"Hits" : 119,
	"Bandwidth" : 203
},
{
	"Date" : 1391040000000,
	"Days" : "2014/01/30",
	"Day" : "30",
	"Month" : "January",
	"Year" : "2014",
	"Unique Visitors" : 296,
	"Visits" : 223,
	"Pages" : 381,
	"Hits" : 166,
	"Bandwidth" : 227
},
{
	"Date" : 1391126400000,
	"Days" : "2014/01/31",
	"Day" : "31",
	"Month" : "January",
	"Year" : "2014",
	"Unique Visitors" : 340,
	"Visits" : 314,
	"Pages" : 362,
	"Hits" : 73,
	"Bandwidth" : 350
},
{
	"Date" : 1391212800000,
	"Days" : "2014/02/01",
	"Day" : "01",
	"Month" : "February",
	"Year" : "2014",
	"Unique Visitors" : 221,
	"Visits" : 129,
	"Pages" : 303,
	"Hits" : 186,
	"Bandwidth" : 294
},
{
	"Date" : 1391299200000,
	"Days" : "2014/02/02",
	"Day" : "02",
	"Month" : "February",
	"Year" : "2014",
	"Unique Visitors" : 34,
	"Visits" : 209,
	"Pages" : 318,
	"Hits" : 283,
	"Bandwidth" : 297
},
{
	"Date" : 1391385600000,
	"Days" : "2014/02/03",
	"Day" : "03",
	"Month" : "February",
	"Year" : "2014",
	"Unique Visitors" : 216,
	"Visits" : 255,
	"Pages" : 373,
	"Hits" : 8,
	"Bandwidth" : 314
},
{
	"Date" : 1391472000000,
	"Days" : "2014/02/04",
	"Day" : "04",
	"Month" : "February",
	"Year" : "2014",
	"Unique Visitors" : 273,
	"Visits" : 16,
	"Pages" : 45,
	"Hits" : 190,
	"Bandwidth" : 169
},
{
	"Date" : 1391558400000,
	"Days" : "2014/02/05",
	"Day" : "05",
	"Month" : "February",
	"Year" : "2014",
	"Unique Visitors" : 346,
	"Visits" : 173,
	"Pages" : 152,
	"Hits" : 69,
	"Bandwidth" : 260
},
{
	"Date" : 1391644800000,
	"Days" : "2014/02/06",
	"Day" : "06",
	"Month" : "February",
	"Year" : "2014",
	"Unique Visitors" : 206,
	"Visits" : 299,
	"Pages" : 244,
	"Hits" : 149,
	"Bandwidth" : 193
},
{
	"Date" : 1391731200000,
	"Days" : "2014/02/07",
	"Day" : "07",
	"Month" : "February",
	"Year" : "2014",
	"Unique Visitors" : 351,
	"Visits" : 311,
	"Pages" : 363,
	"Hits" : 99,
	"Bandwidth" : 100
},
{
	"Date" : 1391817600000,
	"Days" : "2014/02/08",
	"Day" : "08",
	"Month" : "February",
	"Year" : "2014",
	"Unique Visitors" : 257,
	"Visits" : 36,
	"Pages" : 354,
	"Hits" : 335,
	"Bandwidth" : 35
},
{
	"Date" : 1391904000000,
	"Days" : "2014/02/09",
	"Day" : "09",
	"Month" : "February",
	"Year" : "2014",
	"Unique Visitors" : 391,
	"Visits" : 292,
	"Pages" : 79,
	"Hits" : 72,
	"Bandwidth" : 19
},
{
	"Date" : 1391990400000,
	"Days" : "2014/02/10",
	"Day" : "10",
	"Month" : "February",
	"Year" : "2014",
	"Unique Visitors" : 0,
	"Visits" : 166,
	"Pages" : 330,
	"Hits" : 261,
	"Bandwidth" : 357
},
{
	"Date" : 1392076800000,
	"Days" : "2014/02/11",
	"Day" : "11",
	"Month" : "February",
	"Year" : "2014",
	"Unique Visitors" : 40,
	"Visits" : 77,
	"Pages" : 364,
	"Hits" : 281,
	"Bandwidth" : 78
},
{
	"Date" : 1392163200000,
	"Days" : "2014/02/12",
	"Day" : "12",
	"Month" : "February",
	"Year" : "2014",
	"Unique Visitors" : 44,
	"Visits" : 119,
	"Pages" : 347,
	"Hits" : 286,
	"Bandwidth" : 210
},
{
	"Date" : 1392249600000,
	"Days" : "2014/02/13",
	"Day" : "13",
	"Month" : "February",
	"Year" : "2014",
	"Unique Visitors" : 311,
	"Visits" : 34,
	"Pages" : 131,
	"Hits" : 182,
	"Bandwidth" : 9
},
{
	"Date" : 1392336000000,
	"Days" : "2014/02/14",
	"Day" : "14",
	"Month" : "February",
	"Year" : "2014",
	"Unique Visitors" : 209,
	"Visits" : 65,
	"Pages" : 8,
	"Hits" : 229,
	"Bandwidth" : 73
},
{
	"Date" : 1392422400000,
	"Days" : "2014/02/15",
	"Day" : "15",
	"Month" : "February",
	"Year" : "2014",
	"Unique Visitors" : 78,
	"Visits" : 66,
	"Pages" : 120,
	"Hits" : 186,
	"Bandwidth" : 360
},
{
	"Date" : 1392508800000,
	"Days" : "2014/02/16",
	"Day" : "16",
	"Month" : "February",
	"Year" : "2014",
	"Unique Visitors" : 142,
	"Visits" : 118,
	"Pages" : 202,
	"Hits" : 235,
	"Bandwidth" : 283
},
{
	"Date" : 1392595200000,
	"Days" : "2014/02/17",
	"Day" : "17",
	"Month" : "February",
	"Year" : "2014",
	"Unique Visitors" : 319,
	"Visits" : 141,
	"Pages" : 182,
	"Hits" : 248,
	"Bandwidth" : 334
},
{
	"Date" : 1392681600000,
	"Days" : "2014/02/18",
	"Day" : "18",
	"Month" : "February",
	"Year" : "2014",
	"Unique Visitors" : 156,
	"Visits" : 215,
	"Pages" : 329,
	"Hits" : 71,
	"Bandwidth" : 117
},
{
	"Date" : 1392768000000,
	"Days" : "2014/02/19",
	"Day" : "19",
	"Month" : "February",
	"Year" : "2014",
	"Unique Visitors" : 383,
	"Visits" : 304,
	"Pages" : 66,
	"Hits" : 140,
	"Bandwidth" : 177
},
{
	"Date" : 1392854400000,
	"Days" : "2014/02/20",
	"Day" : "20",
	"Month" : "February",
	"Year" : "2014",
	"Unique Visitors" : 355,
	"Visits" : 137,
	"Pages" : 162,
	"Hits" : 286,
	"Bandwidth" : 229
},
{
	"Date" : 1392940800000,
	"Days" : "2014/02/21",
	"Day" : "21",
	"Month" : "February",
	"Year" : "2014",
	"Unique Visitors" : 39,
	"Visits" : 324,
	"Pages" : 152,
	"Hits" : 356,
	"Bandwidth" : 125
},
{
	"Date" : 1393027200000,
	"Days" : "2014/02/22",
	"Day" : "22",
	"Month" : "February",
	"Year" : "2014",
	"Unique Visitors" : 255,
	"Visits" : 300,
	"Pages" : 234,
	"Hits" : 200,
	"Bandwidth" : 257
},
{
	"Date" : 1393113600000,
	"Days" : "2014/02/23",
	"Day" : "23",
	"Month" : "February",
	"Year" : "2014",
	"Unique Visitors" : 332,
	"Visits" : 348,
	"Pages" : 140,
	"Hits" : 386,
	"Bandwidth" : 46
},
{
	"Date" : 1393200000000,
	"Days" : "2014/02/24",
	"Day" : "24",
	"Month" : "February",
	"Year" : "2014",
	"Unique Visitors" : 393,
	"Visits" : 256,
	"Pages" : 313,
	"Hits" : 282,
	"Bandwidth" : 154
},
{
	"Date" : 1393286400000,
	"Days" : "2014/02/25",
	"Day" : "25",
	"Month" : "February",
	"Year" : "2014",
	"Unique Visitors" : 151,
	"Visits" : 33,
	"Pages" : 304,
	"Hits" : 25,
	"Bandwidth" : 323
},
{
	"Date" : 1393372800000,
	"Days" : "2014/02/26",
	"Day" : "26",
	"Month" : "February",
	"Year" : "2014",
	"Unique Visitors" : 329,
	"Visits" : 349,
	"Pages" : 60,
	"Hits" : 258,
	"Bandwidth" : 55
},
{
	"Date" : 1393459200000,
	"Days" : "2014/02/27",
	"Day" : "27",
	"Month" : "February",
	"Year" : "2014",
	"Unique Visitors" : 263,
	"Visits" : 260,
	"Pages" : 172,
	"Hits" : 169,
	"Bandwidth" : 116
},
{
	"Date" : 1393545600000,
	"Days" : "2014/02/28",
	"Day" : "28",
	"Month" : "February",
	"Year" : "2014",
	"Unique Visitors" : 161,
	"Visits" : 374,
	"Pages" : 41,
	"Hits" : 90,
	"Bandwidth" : 374
},
{
	"Date" : 1393632000000,
	"Days" : "2014/03/01",
	"Day" : "01",
	"Month" : "March",
	"Year" : "2014",
	"Unique Visitors" : 123,
	"Visits" : 87,
	"Pages" : 388,
	"Hits" : 95,
	"Bandwidth" : 172
},
{
	"Date" : 1393718400000,
	"Days" : "2014/03/02",
	"Day" : "02",
	"Month" : "March",
	"Year" : "2014",
	"Unique Visitors" : 190,
	"Visits" : 179,
	"Pages" : 190,
	"Hits" : 228,
	"Bandwidth" : 373
},
{
	"Date" : 1393804800000,
	"Days" : "2014/03/03",
	"Day" : "03",
	"Month" : "March",
	"Year" : "2014",
	"Unique Visitors" : 165,
	"Visits" : 112,
	"Pages" : 250,
	"Hits" : 389,
	"Bandwidth" : 26
},
{
	"Date" : 1393891200000,
	"Days" : "2014/03/04",
	"Day" : "04",
	"Month" : "March",
	"Year" : "2014",
	"Unique Visitors" : 207,
	"Visits" : 385,
	"Pages" : 347,
	"Hits" : 22,
	"Bandwidth" : 39
},
{
	"Date" : 1393977600000,
	"Days" : "2014/03/05",
	"Day" : "05",
	"Month" : "March",
	"Year" : "2014",
	"Unique Visitors" : 16,
	"Visits" : 291,
	"Pages" : 300,
	"Hits" : 106,
	"Bandwidth" : 265
},
{
	"Date" : 1394064000000,
	"Days" : "2014/03/06",
	"Day" : "06",
	"Month" : "March",
	"Year" : "2014",
	"Unique Visitors" : 95,
	"Visits" : 111,
	"Pages" : 36,
	"Hits" : 90,
	"Bandwidth" : 313
},
{
	"Date" : 1394150400000,
	"Days" : "2014/03/07",
	"Day" : "07",
	"Month" : "March",
	"Year" : "2014",
	"Unique Visitors" : 250,
	"Visits" : 291,
	"Pages" : 304,
	"Hits" : 279,
	"Bandwidth" : 89
},
{
	"Date" : 1394236800000,
	"Days" : "2014/03/08",
	"Day" : "08",
	"Month" : "March",
	"Year" : "2014",
	"Unique Visitors" : 54,
	"Visits" : 366,
	"Pages" : 220,
	"Hits" : 205,
	"Bandwidth" : 60
},
{
	"Date" : 1394323200000,
	"Days" : "2014/03/09",
	"Day" : "09",
	"Month" : "March",
	"Year" : "2014",
	"Unique Visitors" : 102,
	"Visits" : 302,
	"Pages" : 371,
	"Hits" : 118,
	"Bandwidth" : 109
},
{
	"Date" : 1394409600000,
	"Days" : "2014/03/10",
	"Day" : "10",
	"Month" : "March",
	"Year" : "2014",
	"Unique Visitors" : 275,
	"Visits" : 61,
	"Pages" : 99,
	"Hits" : 27,
	"Bandwidth" : 100
},
{
	"Date" : 1394496000000,
	"Days" : "2014/03/11",
	"Day" : "11",
	"Month" : "March",
	"Year" : "2014",
	"Unique Visitors" : 369,
	"Visits" : 394,
	"Pages" : 394,
	"Hits" : 264,
	"Bandwidth" : 220
},
{
	"Date" : 1394582400000,
	"Days" : "2014/03/12",
	"Day" : "12",
	"Month" : "March",
	"Year" : "2014",
	"Unique Visitors" : 254,
	"Visits" : 8,
	"Pages" : 265,
	"Hits" : 219,
	"Bandwidth" : 262
},
{
	"Date" : 1394668800000,
	"Days" : "2014/03/13",
	"Day" : "13",
	"Month" : "March",
	"Year" : "2014",
	"Unique Visitors" : 364,
	"Visits" : 56,
	"Pages" : 87,
	"Hits" : 11,
	"Bandwidth" : 172
},
{
	"Date" : 1394755200000,
	"Days" : "2014/03/14",
	"Day" : "14",
	"Month" : "March",
	"Year" : "2014",
	"Unique Visitors" : 177,
	"Visits" : 260,
	"Pages" : 51,
	"Hits" : 340,
	"Bandwidth" : 265
},
{
	"Date" : 1394841600000,
	"Days" : "2014/03/15",
	"Day" : "15",
	"Month" : "March",
	"Year" : "2014",
	"Unique Visitors" : 322,
	"Visits" : 123,
	"Pages" : 228,
	"Hits" : 333,
	"Bandwidth" : 97
},
{
	"Date" : 1394928000000,
	"Days" : "2014/03/16",
	"Day" : "16",
	"Month" : "March",
	"Year" : "2014",
	"Unique Visitors" : 382,
	"Visits" : 65,
	"Pages" : 195,
	"Hits" : 356,
	"Bandwidth" : 123
},
{
	"Date" : 1395014400000,
	"Days" : "2014/03/17",
	"Day" : "17",
	"Month" : "March",
	"Year" : "2014",
	"Unique Visitors" : 167,
	"Visits" : 332,
	"Pages" : 149,
	"Hits" : 89,
	"Bandwidth" : 284
},
{
	"Date" : 1395100800000,
	"Days" : "2014/03/18",
	"Day" : "18",
	"Month" : "March",
	"Year" : "2014",
	"Unique Visitors" : 372,
	"Visits" : 19,
	"Pages" : 252,
	"Hits" : 128,
	"Bandwidth" : 203
},
{
	"Date" : 1395187200000,
	"Days" : "2014/03/19",
	"Day" : "19",
	"Month" : "March",
	"Year" : "2014",
	"Unique Visitors" : 249,
	"Visits" : 262,
	"Pages" : 367,
	"Hits" : 260,
	"Bandwidth" : 54
},
{
	"Date" : 1395273600000,
	"Days" : "2014/03/20",
	"Day" : "20",
	"Month" : "March",
	"Year" : "2014",
	"Unique Visitors" : 67,
	"Visits" : 182,
	"Pages" : 140,
	"Hits" : 53,
	"Bandwidth" : 222
},
{
	"Date" : 1395360000000,
	"Days" : "2014/03/21",
	"Day" : "21",
	"Month" : "March",
	"Year" : "2014",
	"Unique Visitors" : 252,
	"Visits" : 209,
	"Pages" : 78,
	"Hits" : 76,
	"Bandwidth" : 308
},
{
	"Date" : 1395446400000,
	"Days" : "2014/03/22",
	"Day" : "22",
	"Month" : "March",
	"Year" : "2014",
	"Unique Visitors" : 326,
	"Visits" : 37,
	"Pages" : 379,
	"Hits" : 146,
	"Bandwidth" : 3
},
{
	"Date" : 1395532800000,
	"Days" : "2014/03/23",
	"Day" : "23",
	"Month" : "March",
	"Year" : "2014",
	"Unique Visitors" : 294,
	"Visits" : 181,
	"Pages" : 124,
	"Hits" : 340,
	"Bandwidth" : 237
},
{
	"Date" : 1395619200000,
	"Days" : "2014/03/24",
	"Day" : "24",
	"Month" : "March",
	"Year" : "2014",
	"Unique Visitors" : 360,
	"Visits" : 205,
	"Pages" : 104,
	"Hits" : 24,
	"Bandwidth" : 89
},
{
	"Date" : 1395705600000,
	"Days" : "2014/03/25",
	"Day" : "25",
	"Month" : "March",
	"Year" : "2014",
	"Unique Visitors" : 226,
	"Visits" : 38,
	"Pages" : 54,
	"Hits" : 39,
	"Bandwidth" : 272
},
{
	"Date" : 1395792000000,
	"Days" : "2014/03/26",
	"Day" : "26",
	"Month" : "March",
	"Year" : "2014",
	"Unique Visitors" : 262,
	"Visits" : 364,
	"Pages" : 363,
	"Hits" : 376,
	"Bandwidth" : 152
},
{
	"Date" : 1395878400000,
	"Days" : "2014/03/27",
	"Day" : "27",
	"Month" : "March",
	"Year" : "2014",
	"Unique Visitors" : 104,
	"Visits" : 398,
	"Pages" : 208,
	"Hits" : 112,
	"Bandwidth" : 89
},
{
	"Date" : 1395964800000,
	"Days" : "2014/03/28",
	"Day" : "28",
	"Month" : "March",
	"Year" : "2014",
	"Unique Visitors" : 92,
	"Visits" : 249,
	"Pages" : 141,
	"Hits" : 384,
	"Bandwidth" : 84
},
{
	"Date" : 1396051200000,
	"Days" : "2014/03/29",
	"Day" : "29",
	"Month" : "March",
	"Year" : "2014",
	"Unique Visitors" : 370,
	"Visits" : 83,
	"Pages" : 208,
	"Hits" : 331,
	"Bandwidth" : 75
},
{
	"Date" : 1396137600000,
	"Days" : "2014/03/30",
	"Day" : "30",
	"Month" : "March",
	"Year" : "2014",
	"Unique Visitors" : 115,
	"Visits" : 327,
	"Pages" : 300,
	"Hits" : 153,
	"Bandwidth" : 341
},
{
	"Date" : 1396220400000,
	"Days" : "2014/03/31",
	"Day" : "31",
	"Month" : "March",
	"Year" : "2014",
	"Unique Visitors" : 2,
	"Visits" : 207,
	"Pages" : 31,
	"Hits" : 243,
	"Bandwidth" : 0
},
{
	"Date" : 1396306800000,
	"Days" : "2014/04/01",
	"Day" : "01",
	"Month" : "April",
	"Year" : "2014",
	"Unique Visitors" : 303,
	"Visits" : 211,
	"Pages" : 148,
	"Hits" : 199,
	"Bandwidth" : 268
},
{
	"Date" : 1396393200000,
	"Days" : "2014/04/02",
	"Day" : "02",
	"Month" : "April",
	"Year" : "2014",
	"Unique Visitors" : 183,
	"Visits" : 350,
	"Pages" : 259,
	"Hits" : 15,
	"Bandwidth" : 227
},
{
	"Date" : 1396479600000,
	"Days" : "2014/04/03",
	"Day" : "03",
	"Month" : "April",
	"Year" : "2014",
	"Unique Visitors" : 175,
	"Visits" : 79,
	"Pages" : 208,
	"Hits" : 22,
	"Bandwidth" : 8
},
{
	"Date" : 1396566000000,
	"Days" : "2014/04/04",
	"Day" : "04",
	"Month" : "April",
	"Year" : "2014",
	"Unique Visitors" : 183,
	"Visits" : 399,
	"Pages" : 258,
	"Hits" : 67,
	"Bandwidth" : 376
},
{
	"Date" : 1396652400000,
	"Days" : "2014/04/05",
	"Day" : "05",
	"Month" : "April",
	"Year" : "2014",
	"Unique Visitors" : 214,
	"Visits" : 369,
	"Pages" : 38,
	"Hits" : 245,
	"Bandwidth" : 285
},
{
	"Date" : 1396738800000,
	"Days" : "2014/04/06",
	"Day" : "06",
	"Month" : "April",
	"Year" : "2014",
	"Unique Visitors" : 47,
	"Visits" : 258,
	"Pages" : 9,
	"Hits" : 328,
	"Bandwidth" : 266
},
{
	"Date" : 1396825200000,
	"Days" : "2014/04/07",
	"Day" : "07",
	"Month" : "April",
	"Year" : "2014",
	"Unique Visitors" : 126,
	"Visits" : 260,
	"Pages" : 361,
	"Hits" : 155,
	"Bandwidth" : 109
},
{
	"Date" : 1396911600000,
	"Days" : "2014/04/08",
	"Day" : "08",
	"Month" : "April",
	"Year" : "2014",
	"Unique Visitors" : 174,
	"Visits" : 66,
	"Pages" : 306,
	"Hits" : 305,
	"Bandwidth" : 330
},
{
	"Date" : 1396998000000,
	"Days" : "2014/04/09",
	"Day" : "09",
	"Month" : "April",
	"Year" : "2014",
	"Unique Visitors" : 19,
	"Visits" : 2,
	"Pages" : 64,
	"Hits" : 299,
	"Bandwidth" : 185
},
{
	"Date" : 1397084400000,
	"Days" : "2014/04/10",
	"Day" : "10",
	"Month" : "April",
	"Year" : "2014",
	"Unique Visitors" : 121,
	"Visits" : 8,
	"Pages" : 203,
	"Hits" : 98,
	"Bandwidth" : 16
},
{
	"Date" : 1397170800000,
	"Days" : "2014/04/11",
	"Day" : "11",
	"Month" : "April",
	"Year" : "2014",
	"Unique Visitors" : 37,
	"Visits" : 355,
	"Pages" : 301,
	"Hits" : 125,
	"Bandwidth" : 264
},
{
	"Date" : 1397257200000,
	"Days" : "2014/04/12",
	"Day" : "12",
	"Month" : "April",
	"Year" : "2014",
	"Unique Visitors" : 239,
	"Visits" : 20,
	"Pages" : 171,
	"Hits" : 389,
	"Bandwidth" : 146
},
{
	"Date" : 1397343600000,
	"Days" : "2014/04/13",
	"Day" : "13",
	"Month" : "April",
	"Year" : "2014",
	"Unique Visitors" : 111,
	"Visits" : 62,
	"Pages" : 17,
	"Hits" : 99,
	"Bandwidth" : 80
},
{
	"Date" : 1397430000000,
	"Days" : "2014/04/14",
	"Day" : "14",
	"Month" : "April",
	"Year" : "2014",
	"Unique Visitors" : 101,
	"Visits" : 48,
	"Pages" : 183,
	"Hits" : 164,
	"Bandwidth" : 379
},
{
	"Date" : 1397516400000,
	"Days" : "2014/04/15",
	"Day" : "15",
	"Month" : "April",
	"Year" : "2014",
	"Unique Visitors" : 364,
	"Visits" : 2,
	"Pages" : 131,
	"Hits" : 315,
	"Bandwidth" : 249
},
{
	"Date" : 1397602800000,
	"Days" : "2014/04/16",
	"Day" : "16",
	"Month" : "April",
	"Year" : "2014",
	"Unique Visitors" : 372,
	"Visits" : 43,
	"Pages" : 362,
	"Hits" : 101,
	"Bandwidth" : 334
},
{
	"Date" : 1397689200000,
	"Days" : "2014/04/17",
	"Day" : "17",
	"Month" : "April",
	"Year" : "2014",
	"Unique Visitors" : 225,
	"Visits" : 73,
	"Pages" : 72,
	"Hits" : 112,
	"Bandwidth" : 181
},
{
	"Date" : 1397775600000,
	"Days" : "2014/04/18",
	"Day" : "18",
	"Month" : "April",
	"Year" : "2014",
	"Unique Visitors" : 7,
	"Visits" : 327,
	"Pages" : 90,
	"Hits" : 286,
	"Bandwidth" : 16
},
{
	"Date" : 1397862000000,
	"Days" : "2014/04/19",
	"Day" : "19",
	"Month" : "April",
	"Year" : "2014",
	"Unique Visitors" : 221,
	"Visits" : 113,
	"Pages" : 244,
	"Hits" : 144,
	"Bandwidth" : 102
},
{
	"Date" : 1397948400000,
	"Days" : "2014/04/20",
	"Day" : "20",
	"Month" : "April",
	"Year" : "2014",
	"Unique Visitors" : 202,
	"Visits" : 392,
	"Pages" : 159,
	"Hits" : 334,
	"Bandwidth" : 75
},
{
	"Date" : 1398034800000,
	"Days" : "2014/04/21",
	"Day" : "21",
	"Month" : "April",
	"Year" : "2014",
	"Unique Visitors" : 372,
	"Visits" : 191,
	"Pages" : 23,
	"Hits" : 242,
	"Bandwidth" : 112
},
{
	"Date" : 1398121200000,
	"Days" : "2014/04/22",
	"Day" : "22",
	"Month" : "April",
	"Year" : "2014",
	"Unique Visitors" : 245,
	"Visits" : 322,
	"Pages" : 359,
	"Hits" : 60,
	"Bandwidth" : 327
},
{
	"Date" : 1398207600000,
	"Days" : "2014/04/23",
	"Day" : "23",
	"Month" : "April",
	"Year" : "2014",
	"Unique Visitors" : 35,
	"Visits" : 218,
	"Pages" : 316,
	"Hits" : 239,
	"Bandwidth" : 21
},
{
	"Date" : 1398294000000,
	"Days" : "2014/04/24",
	"Day" : "24",
	"Month" : "April",
	"Year" : "2014",
	"Unique Visitors" : 366,
	"Visits" : 102,
	"Pages" : 13,
	"Hits" : 200,
	"Bandwidth" : 156
},
{
	"Date" : 1398380400000,
	"Days" : "2014/04/25",
	"Day" : "25",
	"Month" : "April",
	"Year" : "2014",
	"Unique Visitors" : 389,
	"Visits" : 24,
	"Pages" : 115,
	"Hits" : 17,
	"Bandwidth" : 327
},
{
	"Date" : 1398466800000,
	"Days" : "2014/04/26",
	"Day" : "26",
	"Month" : "April",
	"Year" : "2014",
	"Unique Visitors" : 165,
	"Visits" : 368,
	"Pages" : 271,
	"Hits" : 99,
	"Bandwidth" : 171
},
{
	"Date" : 1398553200000,
	"Days" : "2014/04/27",
	"Day" : "27",
	"Month" : "April",
	"Year" : "2014",
	"Unique Visitors" : 220,
	"Visits" : 32,
	"Pages" : 102,
	"Hits" : 68,
	"Bandwidth" : 175
},
{
	"Date" : 1398639600000,
	"Days" : "2014/04/28",
	"Day" : "28",
	"Month" : "April",
	"Year" : "2014",
	"Unique Visitors" : 353,
	"Visits" : 295,
	"Pages" : 38,
	"Hits" : 261,
	"Bandwidth" : 51
},
{
	"Date" : 1398726000000,
	"Days" : "2014/04/29",
	"Day" : "29",
	"Month" : "April",
	"Year" : "2014",
	"Unique Visitors" : 307,
	"Visits" : 308,
	"Pages" : 1,
	"Hits" : 160,
	"Bandwidth" : 356
},
{
	"Date" : 1398812400000,
	"Days" : "2014/04/30",
	"Day" : "30",
	"Month" : "April",
	"Year" : "2014",
	"Unique Visitors" : 144,
	"Visits" : 346,
	"Pages" : 72,
	"Hits" : 258,
	"Bandwidth" : 248
},
{
	"Date" : 1398898800000,
	"Days" : "2014/05/01",
	"Day" : "01",
	"Month" : "May",
	"Year" : "2014",
	"Unique Visitors" : 71,
	"Visits" : 81,
	"Pages" : 164,
	"Hits" : 152,
	"Bandwidth" : 336
},
{
	"Date" : 1398985200000,
	"Days" : "2014/05/02",
	"Day" : "02",
	"Month" : "May",
	"Year" : "2014",
	"Unique Visitors" : 117,
	"Visits" : 92,
	"Pages" : 112,
	"Hits" : 96,
	"Bandwidth" : 374
},
{
	"Date" : 1399071600000,
	"Days" : "2014/05/03",
	"Day" : "03",
	"Month" : "May",
	"Year" : "2014",
	"Unique Visitors" : 286,
	"Visits" : 270,
	"Pages" : 91,
	"Hits" : 251,
	"Bandwidth" : 292
},
{
	"Date" : 1399158000000,
	"Days" : "2014/05/04",
	"Day" : "04",
	"Month" : "May",
	"Year" : "2014",
	"Unique Visitors" : 115,
	"Visits" : 85,
	"Pages" : 295,
	"Hits" : 17,
	"Bandwidth" : 364
},
{
	"Date" : 1399244400000,
	"Days" : "2014/05/05",
	"Day" : "05",
	"Month" : "May",
	"Year" : "2014",
	"Unique Visitors" : 7,
	"Visits" : 358,
	"Pages" : 309,
	"Hits" : 300,
	"Bandwidth" : 226
},
{
	"Date" : 1399330800000,
	"Days" : "2014/05/06",
	"Day" : "06",
	"Month" : "May",
	"Year" : "2014",
	"Unique Visitors" : 239,
	"Visits" : 349,
	"Pages" : 372,
	"Hits" : 273,
	"Bandwidth" : 348
},
{
	"Date" : 1399417200000,
	"Days" : "2014/05/07",
	"Day" : "07",
	"Month" : "May",
	"Year" : "2014",
	"Unique Visitors" : 329,
	"Visits" : 59,
	"Pages" : 90,
	"Hits" : 328,
	"Bandwidth" : 98
},
{
	"Date" : 1399503600000,
	"Days" : "2014/05/08",
	"Day" : "08",
	"Month" : "May",
	"Year" : "2014",
	"Unique Visitors" : 313,
	"Visits" : 285,
	"Pages" : 182,
	"Hits" : 324,
	"Bandwidth" : 295
},
{
	"Date" : 1399590000000,
	"Days" : "2014/05/09",
	"Day" : "09",
	"Month" : "May",
	"Year" : "2014",
	"Unique Visitors" : 224,
	"Visits" : 225,
	"Pages" : 286,
	"Hits" : 187,
	"Bandwidth" : 278
},
{
	"Date" : 1399676400000,
	"Days" : "2014/05/10",
	"Day" : "10",
	"Month" : "May",
	"Year" : "2014",
	"Unique Visitors" : 307,
	"Visits" : 92,
	"Pages" : 9,
	"Hits" : 374,
	"Bandwidth" : 79
},
{
	"Date" : 1399762800000,
	"Days" : "2014/05/11",
	"Day" : "11",
	"Month" : "May",
	"Year" : "2014",
	"Unique Visitors" : 344,
	"Visits" : 251,
	"Pages" : 106,
	"Hits" : 119,
	"Bandwidth" : 240
},
{
	"Date" : 1399849200000,
	"Days" : "2014/05/12",
	"Day" : "12",
	"Month" : "May",
	"Year" : "2014",
	"Unique Visitors" : 179,
	"Visits" : 282,
	"Pages" : 335,
	"Hits" : 71,
	"Bandwidth" : 332
},
{
	"Date" : 1399935600000,
	"Days" : "2014/05/13",
	"Day" : "13",
	"Month" : "May",
	"Year" : "2014",
	"Unique Visitors" : 390,
	"Visits" : 285,
	"Pages" : 162,
	"Hits" : 235,
	"Bandwidth" : 43
},
{
	"Date" : 1400022000000,
	"Days" : "2014/05/14",
	"Day" : "14",
	"Month" : "May",
	"Year" : "2014",
	"Unique Visitors" : 43,
	"Visits" : 148,
	"Pages" : 270,
	"Hits" : 202,
	"Bandwidth" : 376
},
{
	"Date" : 1400108400000,
	"Days" : "2014/05/15",
	"Day" : "15",
	"Month" : "May",
	"Year" : "2014",
	"Unique Visitors" : 4,
	"Visits" : 342,
	"Pages" : 122,
	"Hits" : 388,
	"Bandwidth" : 207
},
{
	"Date" : 1400194800000,
	"Days" : "2014/05/16",
	"Day" : "16",
	"Month" : "May",
	"Year" : "2014",
	"Unique Visitors" : 209,
	"Visits" : 350,
	"Pages" : 303,
	"Hits" : 18,
	"Bandwidth" : 303
},
{
	"Date" : 1400281200000,
	"Days" : "2014/05/17",
	"Day" : "17",
	"Month" : "May",
	"Year" : "2014",
	"Unique Visitors" : 369,
	"Visits" : 224,
	"Pages" : 378,
	"Hits" : 379,
	"Bandwidth" : 133
},
{
	"Date" : 1400367600000,
	"Days" : "2014/05/18",
	"Day" : "18",
	"Month" : "May",
	"Year" : "2014",
	"Unique Visitors" : 65,
	"Visits" : 286,
	"Pages" : 318,
	"Hits" : 385,
	"Bandwidth" : 230
},
{
	"Date" : 1400454000000,
	"Days" : "2014/05/19",
	"Day" : "19",
	"Month" : "May",
	"Year" : "2014",
	"Unique Visitors" : 371,
	"Visits" : 303,
	"Pages" : 233,
	"Hits" : 3,
	"Bandwidth" : 2
},
{
	"Date" : 1400540400000,
	"Days" : "2014/05/20",
	"Day" : "20",
	"Month" : "May",
	"Year" : "2014",
	"Unique Visitors" : 134,
	"Visits" : 163,
	"Pages" : 308,
	"Hits" : 181,
	"Bandwidth" : 197
},
{
	"Date" : 1400626800000,
	"Days" : "2014/05/21",
	"Day" : "21",
	"Month" : "May",
	"Year" : "2014",
	"Unique Visitors" : 396,
	"Visits" : 27,
	"Pages" : 223,
	"Hits" : 357,
	"Bandwidth" : 296
},
{
	"Date" : 1400713200000,
	"Days" : "2014/05/22",
	"Day" : "22",
	"Month" : "May",
	"Year" : "2014",
	"Unique Visitors" : 320,
	"Visits" : 89,
	"Pages" : 362,
	"Hits" : 248,
	"Bandwidth" : 136
},
{
	"Date" : 1400799600000,
	"Days" : "2014/05/23",
	"Day" : "23",
	"Month" : "May",
	"Year" : "2014",
	"Unique Visitors" : 337,
	"Visits" : 370,
	"Pages" : 203,
	"Hits" : 386,
	"Bandwidth" : 208
},
{
	"Date" : 1400886000000,
	"Days" : "2014/05/24",
	"Day" : "24",
	"Month" : "May",
	"Year" : "2014",
	"Unique Visitors" : 40,
	"Visits" : 95,
	"Pages" : 144,
	"Hits" : 395,
	"Bandwidth" : 295
},
{
	"Date" : 1400972400000,
	"Days" : "2014/05/25",
	"Day" : "25",
	"Month" : "May",
	"Year" : "2014",
	"Unique Visitors" : 369,
	"Visits" : 214,
	"Pages" : 300,
	"Hits" : 172,
	"Bandwidth" : 76
},
{
	"Date" : 1401058800000,
	"Days" : "2014/05/26",
	"Day" : "26",
	"Month" : "May",
	"Year" : "2014",
	"Unique Visitors" : 136,
	"Visits" : 128,
	"Pages" : 196,
	"Hits" : 23,
	"Bandwidth" : 126
},
{
	"Date" : 1401145200000,
	"Days" : "2014/05/27",
	"Day" : "27",
	"Month" : "May",
	"Year" : "2014",
	"Unique Visitors" : 90,
	"Visits" : 296,
	"Pages" : 355,
	"Hits" : 265,
	"Bandwidth" : 128
},
{
	"Date" : 1401231600000,
	"Days" : "2014/05/28",
	"Day" : "28",
	"Month" : "May",
	"Year" : "2014",
	"Unique Visitors" : 302,
	"Visits" : 211,
	"Pages" : 101,
	"Hits" : 217,
	"Bandwidth" : 192
},
{
	"Date" : 1401318000000,
	"Days" : "2014/05/29",
	"Day" : "29",
	"Month" : "May",
	"Year" : "2014",
	"Unique Visitors" : 143,
	"Visits" : 87,
	"Pages" : 125,
	"Hits" : 205,
	"Bandwidth" : 151
},
{
	"Date" : 1401404400000,
	"Days" : "2014/05/30",
	"Day" : "30",
	"Month" : "May",
	"Year" : "2014",
	"Unique Visitors" : 280,
	"Visits" : 7,
	"Pages" : 238,
	"Hits" : 145,
	"Bandwidth" : 253
},
{
	"Date" : 1401490800000,
	"Days" : "2014/05/31",
	"Day" : "31",
	"Month" : "May",
	"Year" : "2014",
	"Unique Visitors" : 238,
	"Visits" : 256,
	"Pages" : 135,
	"Hits" : 75,
	"Bandwidth" : 283
},
{
	"Date" : 1401577200000,
	"Days" : "2014/06/01",
	"Day" : "01",
	"Month" : "June",
	"Year" : "2014",
	"Unique Visitors" : 354,
	"Visits" : 294,
	"Pages" : 232,
	"Hits" : 111,
	"Bandwidth" : 74
},
{
	"Date" : 1401663600000,
	"Days" : "2014/06/02",
	"Day" : "02",
	"Month" : "June",
	"Year" : "2014",
	"Unique Visitors" : 277,
	"Visits" : 59,
	"Pages" : 115,
	"Hits" : 81,
	"Bandwidth" : 246
},
{
	"Date" : 1401750000000,
	"Days" : "2014/06/03",
	"Day" : "03",
	"Month" : "June",
	"Year" : "2014",
	"Unique Visitors" : 258,
	"Visits" : 205,
	"Pages" : 271,
	"Hits" : 98,
	"Bandwidth" : 168
},
{
	"Date" : 1401836400000,
	"Days" : "2014/06/04",
	"Day" : "04",
	"Month" : "June",
	"Year" : "2014",
	"Unique Visitors" : 44,
	"Visits" : 374,
	"Pages" : 95,
	"Hits" : 325,
	"Bandwidth" : 285
},
{
	"Date" : 1401922800000,
	"Days" : "2014/06/05",
	"Day" : "05",
	"Month" : "June",
	"Year" : "2014",
	"Unique Visitors" : 317,
	"Visits" : 397,
	"Pages" : 399,
	"Hits" : 213,
	"Bandwidth" : 246
},
{
	"Date" : 1402009200000,
	"Days" : "2014/06/06",
	"Day" : "06",
	"Month" : "June",
	"Year" : "2014",
	"Unique Visitors" : 277,
	"Visits" : 58,
	"Pages" : 190,
	"Hits" : 311,
	"Bandwidth" : 213
},
{
	"Date" : 1402095600000,
	"Days" : "2014/06/07",
	"Day" : "07",
	"Month" : "June",
	"Year" : "2014",
	"Unique Visitors" : 251,
	"Visits" : 233,
	"Pages" : 15,
	"Hits" : 158,
	"Bandwidth" : 169
},
{
	"Date" : 1402182000000,
	"Days" : "2014/06/08",
	"Day" : "08",
	"Month" : "June",
	"Year" : "2014",
	"Unique Visitors" : 312,
	"Visits" : 255,
	"Pages" : 375,
	"Hits" : 300,
	"Bandwidth" : 229
},
{
	"Date" : 1402268400000,
	"Days" : "2014/06/09",
	"Day" : "09",
	"Month" : "June",
	"Year" : "2014",
	"Unique Visitors" : 30,
	"Visits" : 245,
	"Pages" : 131,
	"Hits" : 125,
	"Bandwidth" : 306
},
{
	"Date" : 1402354800000,
	"Days" : "2014/06/10",
	"Day" : "10",
	"Month" : "June",
	"Year" : "2014",
	"Unique Visitors" : 243,
	"Visits" : 293,
	"Pages" : 305,
	"Hits" : 173,
	"Bandwidth" : 194
},
{
	"Date" : 1402441200000,
	"Days" : "2014/06/11",
	"Day" : "11",
	"Month" : "June",
	"Year" : "2014",
	"Unique Visitors" : 9,
	"Visits" : 240,
	"Pages" : 87,
	"Hits" : 279,
	"Bandwidth" : 38
},
{
	"Date" : 1402527600000,
	"Days" : "2014/06/12",
	"Day" : "12",
	"Month" : "June",
	"Year" : "2014",
	"Unique Visitors" : 326,
	"Visits" : 122,
	"Pages" : 297,
	"Hits" : 18,
	"Bandwidth" : 114
},
{
	"Date" : 1402614000000,
	"Days" : "2014/06/13",
	"Day" : "13",
	"Month" : "June",
	"Year" : "2014",
	"Unique Visitors" : 308,
	"Visits" : 149,
	"Pages" : 110,
	"Hits" : 102,
	"Bandwidth" : 177
},
{
	"Date" : 1402700400000,
	"Days" : "2014/06/14",
	"Day" : "14",
	"Month" : "June",
	"Year" : "2014",
	"Unique Visitors" : 276,
	"Visits" : 154,
	"Pages" : 83,
	"Hits" : 375,
	"Bandwidth" : 223
},
{
	"Date" : 1402786800000,
	"Days" : "2014/06/15",
	"Day" : "15",
	"Month" : "June",
	"Year" : "2014",
	"Unique Visitors" : 356,
	"Visits" : 300,
	"Pages" : 307,
	"Hits" : 358,
	"Bandwidth" : 221
},
{
	"Date" : 1402873200000,
	"Days" : "2014/06/16",
	"Day" : "16",
	"Month" : "June",
	"Year" : "2014",
	"Unique Visitors" : 237,
	"Visits" : 111,
	"Pages" : 372,
	"Hits" : 241,
	"Bandwidth" : 324
},
{
	"Date" : 1402959600000,
	"Days" : "2014/06/17",
	"Day" : "17",
	"Month" : "June",
	"Year" : "2014",
	"Unique Visitors" : 31,
	"Visits" : 320,
	"Pages" : 287,
	"Hits" : 22,
	"Bandwidth" : 264
},
{
	"Date" : 1403046000000,
	"Days" : "2014/06/18",
	"Day" : "18",
	"Month" : "June",
	"Year" : "2014",
	"Unique Visitors" : 320,
	"Visits" : 205,
	"Pages" : 377,
	"Hits" : 356,
	"Bandwidth" : 78
},
{
	"Date" : 1403132400000,
	"Days" : "2014/06/19",
	"Day" : "19",
	"Month" : "June",
	"Year" : "2014",
	"Unique Visitors" : 278,
	"Visits" : 388,
	"Pages" : 272,
	"Hits" : 80,
	"Bandwidth" : 313
},
{
	"Date" : 1403218800000,
	"Days" : "2014/06/20",
	"Day" : "20",
	"Month" : "June",
	"Year" : "2014",
	"Unique Visitors" : 325,
	"Visits" : 242,
	"Pages" : 297,
	"Hits" : 301,
	"Bandwidth" : 129
},
{
	"Date" : 1403305200000,
	"Days" : "2014/06/21",
	"Day" : "21",
	"Month" : "June",
	"Year" : "2014",
	"Unique Visitors" : 100,
	"Visits" : 47,
	"Pages" : 274,
	"Hits" : 349,
	"Bandwidth" : 267
},
{
	"Date" : 1403391600000,
	"Days" : "2014/06/22",
	"Day" : "22",
	"Month" : "June",
	"Year" : "2014",
	"Unique Visitors" : 17,
	"Visits" : 192,
	"Pages" : 29,
	"Hits" : 175,
	"Bandwidth" : 371
},
{
	"Date" : 1403478000000,
	"Days" : "2014/06/23",
	"Day" : "23",
	"Month" : "June",
	"Year" : "2014",
	"Unique Visitors" : 43,
	"Visits" : 73,
	"Pages" : 191,
	"Hits" : 49,
	"Bandwidth" : 379
},
{
	"Date" : 1403564400000,
	"Days" : "2014/06/24",
	"Day" : "24",
	"Month" : "June",
	"Year" : "2014",
	"Unique Visitors" : 202,
	"Visits" : 287,
	"Pages" : 248,
	"Hits" : 244,
	"Bandwidth" : 110
},
{
	"Date" : 1403650800000,
	"Days" : "2014/06/25",
	"Day" : "25",
	"Month" : "June",
	"Year" : "2014",
	"Unique Visitors" : 39,
	"Visits" : 298,
	"Pages" : 393,
	"Hits" : 71,
	"Bandwidth" : 116
},
{
	"Date" : 1403737200000,
	"Days" : "2014/06/26",
	"Day" : "26",
	"Month" : "June",
	"Year" : "2014",
	"Unique Visitors" : 82,
	"Visits" : 186,
	"Pages" : 59,
	"Hits" : 330,
	"Bandwidth" : 6
},
{
	"Date" : 1403823600000,
	"Days" : "2014/06/27",
	"Day" : "27",
	"Month" : "June",
	"Year" : "2014",
	"Unique Visitors" : 146,
	"Visits" : 134,
	"Pages" : 192,
	"Hits" : 226,
	"Bandwidth" : 83
},
{
	"Date" : 1403910000000,
	"Days" : "2014/06/28",
	"Day" : "28",
	"Month" : "June",
	"Year" : "2014",
	"Unique Visitors" : 120,
	"Visits" : 125,
	"Pages" : 328,
	"Hits" : 143,
	"Bandwidth" : 258
},
{
	"Date" : 1403996400000,
	"Days" : "2014/06/29",
	"Day" : "29",
	"Month" : "June",
	"Year" : "2014",
	"Unique Visitors" : 303,
	"Visits" : 350,
	"Pages" : 71,
	"Hits" : 233,
	"Bandwidth" : 157
},
{
	"Date" : 1404082800000,
	"Days" : "2014/06/30",
	"Day" : "30",
	"Month" : "June",
	"Year" : "2014",
	"Unique Visitors" : 321,
	"Visits" : 130,
	"Pages" : 159,
	"Hits" : 35,
	"Bandwidth" : 111
},
{
	"Date" : 1404169200000,
	"Days" : "2014/07/01",
	"Day" : "01",
	"Month" : "July",
	"Year" : "2014",
	"Unique Visitors" : 299,
	"Visits" : 62,
	"Pages" : 216,
	"Hits" : 261,
	"Bandwidth" : 85
},
{
	"Date" : 1404255600000,
	"Days" : "2014/07/02",
	"Day" : "02",
	"Month" : "July",
	"Year" : "2014",
	"Unique Visitors" : 61,
	"Visits" : 78,
	"Pages" : 109,
	"Hits" : 225,
	"Bandwidth" : 151
},
{
	"Date" : 1404342000000,
	"Days" : "2014/07/03",
	"Day" : "03",
	"Month" : "July",
	"Year" : "2014",
	"Unique Visitors" : 134,
	"Visits" : 6,
	"Pages" : 288,
	"Hits" : 162,
	"Bandwidth" : 82
},
{
	"Date" : 1404428400000,
	"Days" : "2014/07/04",
	"Day" : "04",
	"Month" : "July",
	"Year" : "2014",
	"Unique Visitors" : 45,
	"Visits" : 20,
	"Pages" : 249,
	"Hits" : 241,
	"Bandwidth" : 345
},
{
	"Date" : 1404514800000,
	"Days" : "2014/07/05",
	"Day" : "05",
	"Month" : "July",
	"Year" : "2014",
	"Unique Visitors" : 296,
	"Visits" : 144,
	"Pages" : 221,
	"Hits" : 55,
	"Bandwidth" : 389
},
{
	"Date" : 1404601200000,
	"Days" : "2014/07/06",
	"Day" : "06",
	"Month" : "July",
	"Year" : "2014",
	"Unique Visitors" : 11,
	"Visits" : 124,
	"Pages" : 1,
	"Hits" : 70,
	"Bandwidth" : 377
},
{
	"Date" : 1404687600000,
	"Days" : "2014/07/07",
	"Day" : "07",
	"Month" : "July",
	"Year" : "2014",
	"Unique Visitors" : 231,
	"Visits" : 246,
	"Pages" : 267,
	"Hits" : 394,
	"Bandwidth" : 385
},
{
	"Date" : 1404774000000,
	"Days" : "2014/07/08",
	"Day" : "08",
	"Month" : "July",
	"Year" : "2014",
	"Unique Visitors" : 234,
	"Visits" : 8,
	"Pages" : 249,
	"Hits" : 71,
	"Bandwidth" : 384
},
{
	"Date" : 1404860400000,
	"Days" : "2014/07/09",
	"Day" : "09",
	"Month" : "July",
	"Year" : "2014",
	"Unique Visitors" : 269,
	"Visits" : 133,
	"Pages" : 37,
	"Hits" : 27,
	"Bandwidth" : 380
},
{
	"Date" : 1404946800000,
	"Days" : "2014/07/10",
	"Day" : "10",
	"Month" : "July",
	"Year" : "2014",
	"Unique Visitors" : 323,
	"Visits" : 349,
	"Pages" : 333,
	"Hits" : 244,
	"Bandwidth" : 150
},
{
	"Date" : 1405033200000,
	"Days" : "2014/07/11",
	"Day" : "11",
	"Month" : "July",
	"Year" : "2014",
	"Unique Visitors" : 14,
	"Visits" : 89,
	"Pages" : 144,
	"Hits" : 68,
	"Bandwidth" : 250
},
{
	"Date" : 1405119600000,
	"Days" : "2014/07/12",
	"Day" : "12",
	"Month" : "July",
	"Year" : "2014",
	"Unique Visitors" : 121,
	"Visits" : 113,
	"Pages" : 308,
	"Hits" : 191,
	"Bandwidth" : 291
},
{
	"Date" : 1405206000000,
	"Days" : "2014/07/13",
	"Day" : "13",
	"Month" : "July",
	"Year" : "2014",
	"Unique Visitors" : 64,
	"Visits" : 142,
	"Pages" : 155,
	"Hits" : 132,
	"Bandwidth" : 129
},
{
	"Date" : 1405292400000,
	"Days" : "2014/07/14",
	"Day" : "14",
	"Month" : "July",
	"Year" : "2014",
	"Unique Visitors" : 91,
	"Visits" : 270,
	"Pages" : 141,
	"Hits" : 92,
	"Bandwidth" : 205
},
{
	"Date" : 1405378800000,
	"Days" : "2014/07/15",
	"Day" : "15",
	"Month" : "July",
	"Year" : "2014",
	"Unique Visitors" : 124,
	"Visits" : 313,
	"Pages" : 170,
	"Hits" : 207,
	"Bandwidth" : 271
},
{
	"Date" : 1405465200000,
	"Days" : "2014/07/16",
	"Day" : "16",
	"Month" : "July",
	"Year" : "2014",
	"Unique Visitors" : 257,
	"Visits" : 363,
	"Pages" : 94,
	"Hits" : 302,
	"Bandwidth" : 3
},
{
	"Date" : 1405551600000,
	"Days" : "2014/07/17",
	"Day" : "17",
	"Month" : "July",
	"Year" : "2014",
	"Unique Visitors" : 106,
	"Visits" : 233,
	"Pages" : 26,
	"Hits" : 170,
	"Bandwidth" : 17
},
{
	"Date" : 1405638000000,
	"Days" : "2014/07/18",
	"Day" : "18",
	"Month" : "July",
	"Year" : "2014",
	"Unique Visitors" : 26,
	"Visits" : 266,
	"Pages" : 239,
	"Hits" : 168,
	"Bandwidth" : 192
},
{
	"Date" : 1405724400000,
	"Days" : "2014/07/19",
	"Day" : "19",
	"Month" : "July",
	"Year" : "2014",
	"Unique Visitors" : 193,
	"Visits" : 246,
	"Pages" : 87,
	"Hits" : 351,
	"Bandwidth" : 374
},
{
	"Date" : 1405810800000,
	"Days" : "2014/07/20",
	"Day" : "20",
	"Month" : "July",
	"Year" : "2014",
	"Unique Visitors" : 313,
	"Visits" : 122,
	"Pages" : 190,
	"Hits" : 197,
	"Bandwidth" : 322
},
{
	"Date" : 1405897200000,
	"Days" : "2014/07/21",
	"Day" : "21",
	"Month" : "July",
	"Year" : "2014",
	"Unique Visitors" : 36,
	"Visits" : 92,
	"Pages" : 49,
	"Hits" : 18,
	"Bandwidth" : 200
},
{
	"Date" : 1405983600000,
	"Days" : "2014/07/22",
	"Day" : "22",
	"Month" : "July",
	"Year" : "2014",
	"Unique Visitors" : 344,
	"Visits" : 195,
	"Pages" : 261,
	"Hits" : 29,
	"Bandwidth" : 82
},
{
	"Date" : 1406070000000,
	"Days" : "2014/07/23",
	"Day" : "23",
	"Month" : "July",
	"Year" : "2014",
	"Unique Visitors" : 193,
	"Visits" : 236,
	"Pages" : 196,
	"Hits" : 119,
	"Bandwidth" : 291
},
{
	"Date" : 1406156400000,
	"Days" : "2014/07/24",
	"Day" : "24",
	"Month" : "July",
	"Year" : "2014",
	"Unique Visitors" : 380,
	"Visits" : 192,
	"Pages" : 254,
	"Hits" : 253,
	"Bandwidth" : 86
},
{
	"Date" : 1406242800000,
	"Days" : "2014/07/25",
	"Day" : "25",
	"Month" : "July",
	"Year" : "2014",
	"Unique Visitors" : 28,
	"Visits" : 120,
	"Pages" : 30,
	"Hits" : 138,
	"Bandwidth" : 102
},
{
	"Date" : 1406329200000,
	"Days" : "2014/07/26",
	"Day" : "26",
	"Month" : "July",
	"Year" : "2014",
	"Unique Visitors" : 383,
	"Visits" : 21,
	"Pages" : 255,
	"Hits" : 121,
	"Bandwidth" : 106
},
{
	"Date" : 1406415600000,
	"Days" : "2014/07/27",
	"Day" : "27",
	"Month" : "July",
	"Year" : "2014",
	"Unique Visitors" : 225,
	"Visits" : 352,
	"Pages" : 306,
	"Hits" : 161,
	"Bandwidth" : 335
},
{
	"Date" : 1406502000000,
	"Days" : "2014/07/28",
	"Day" : "28",
	"Month" : "July",
	"Year" : "2014",
	"Unique Visitors" : 4,
	"Visits" : 166,
	"Pages" : 393,
	"Hits" : 184,
	"Bandwidth" : 101
},
{
	"Date" : 1406588400000,
	"Days" : "2014/07/29",
	"Day" : "29",
	"Month" : "July",
	"Year" : "2014",
	"Unique Visitors" : 382,
	"Visits" : 374,
	"Pages" : 387,
	"Hits" : 185,
	"Bandwidth" : 220
},
{
	"Date" : 1406674800000,
	"Days" : "2014/07/30",
	"Day" : "30",
	"Month" : "July",
	"Year" : "2014",
	"Unique Visitors" : 29,
	"Visits" : 233,
	"Pages" : 98,
	"Hits" : 324,
	"Bandwidth" : 319
},
{
	"Date" : 1406761200000,
	"Days" : "2014/07/31",
	"Day" : "31",
	"Month" : "July",
	"Year" : "2014",
	"Unique Visitors" : 327,
	"Visits" : 370,
	"Pages" : 37,
	"Hits" : 274,
	"Bandwidth" : 324
},
{
	"Date" : 1406847600000,
	"Days" : "2014/08/01",
	"Day" : "01",
	"Month" : "August",
	"Year" : "2014",
	"Unique Visitors" : 176,
	"Visits" : 48,
	"Pages" : 284,
	"Hits" : 357,
	"Bandwidth" : 87
},
{
	"Date" : 1406934000000,
	"Days" : "2014/08/02",
	"Day" : "02",
	"Month" : "August",
	"Year" : "2014",
	"Unique Visitors" : 364,
	"Visits" : 299,
	"Pages" : 373,
	"Hits" : 97,
	"Bandwidth" : 172
},
{
	"Date" : 1407020400000,
	"Days" : "2014/08/03",
	"Day" : "03",
	"Month" : "August",
	"Year" : "2014",
	"Unique Visitors" : 384,
	"Visits" : 366,
	"Pages" : 85,
	"Hits" : 289,
	"Bandwidth" : 314
},
{
	"Date" : 1407106800000,
	"Days" : "2014/08/04",
	"Day" : "04",
	"Month" : "August",
	"Year" : "2014",
	"Unique Visitors" : 62,
	"Visits" : 11,
	"Pages" : 160,
	"Hits" : 42,
	"Bandwidth" : 143
},
{
	"Date" : 1407193200000,
	"Days" : "2014/08/05",
	"Day" : "05",
	"Month" : "August",
	"Year" : "2014",
	"Unique Visitors" : 272,
	"Visits" : 125,
	"Pages" : 38,
	"Hits" : 139,
	"Bandwidth" : 327
},
{
	"Date" : 1407279600000,
	"Days" : "2014/08/06",
	"Day" : "06",
	"Month" : "August",
	"Year" : "2014",
	"Unique Visitors" : 119,
	"Visits" : 357,
	"Pages" : 296,
	"Hits" : 223,
	"Bandwidth" : 61
},
{
	"Date" : 1407366000000,
	"Days" : "2014/08/07",
	"Day" : "07",
	"Month" : "August",
	"Year" : "2014",
	"Unique Visitors" : 313,
	"Visits" : 240,
	"Pages" : 0,
	"Hits" : 301,
	"Bandwidth" : 56
},
{
	"Date" : 1407452400000,
	"Days" : "2014/08/08",
	"Day" : "08",
	"Month" : "August",
	"Year" : "2014",
	"Unique Visitors" : 79,
	"Visits" : 111,
	"Pages" : 299,
	"Hits" : 16,
	"Bandwidth" : 349
},
{
	"Date" : 1407538800000,
	"Days" : "2014/08/09",
	"Day" : "09",
	"Month" : "August",
	"Year" : "2014",
	"Unique Visitors" : 388,
	"Visits" : 339,
	"Pages" : 136,
	"Hits" : 43,
	"Bandwidth" : 291
},
{
	"Date" : 1407625200000,
	"Days" : "2014/08/10",
	"Day" : "10",
	"Month" : "August",
	"Year" : "2014",
	"Unique Visitors" : 4,
	"Visits" : 334,
	"Pages" : 37,
	"Hits" : 360,
	"Bandwidth" : 310
},
{
	"Date" : 1407711600000,
	"Days" : "2014/08/11",
	"Day" : "11",
	"Month" : "August",
	"Year" : "2014",
	"Unique Visitors" : 251,
	"Visits" : 180,
	"Pages" : 140,
	"Hits" : 222,
	"Bandwidth" : 69
},
{
	"Date" : 1407798000000,
	"Days" : "2014/08/12",
	"Day" : "12",
	"Month" : "August",
	"Year" : "2014",
	"Unique Visitors" : 106,
	"Visits" : 234,
	"Pages" : 317,
	"Hits" : 361,
	"Bandwidth" : 223
},
{
	"Date" : 1407884400000,
	"Days" : "2014/08/13",
	"Day" : "13",
	"Month" : "August",
	"Year" : "2014",
	"Unique Visitors" : 161,
	"Visits" : 245,
	"Pages" : 134,
	"Hits" : 385,
	"Bandwidth" : 24
},
{
	"Date" : 1407970800000,
	"Days" : "2014/08/14",
	"Day" : "14",
	"Month" : "August",
	"Year" : "2014",
	"Unique Visitors" : 168,
	"Visits" : 119,
	"Pages" : 197,
	"Hits" : 12,
	"Bandwidth" : 319
},
{
	"Date" : 1408057200000,
	"Days" : "2014/08/15",
	"Day" : "15",
	"Month" : "August",
	"Year" : "2014",
	"Unique Visitors" : 297,
	"Visits" : 344,
	"Pages" : 182,
	"Hits" : 116,
	"Bandwidth" : 339
},
{
	"Date" : 1408143600000,
	"Days" : "2014/08/16",
	"Day" : "16",
	"Month" : "August",
	"Year" : "2014",
	"Unique Visitors" : 60,
	"Visits" : 5,
	"Pages" : 130,
	"Hits" : 81,
	"Bandwidth" : 151
},
{
	"Date" : 1408230000000,
	"Days" : "2014/08/17",
	"Day" : "17",
	"Month" : "August",
	"Year" : "2014",
	"Unique Visitors" : 28,
	"Visits" : 63,
	"Pages" : 308,
	"Hits" : 339,
	"Bandwidth" : 247
},
{
	"Date" : 1408316400000,
	"Days" : "2014/08/18",
	"Day" : "18",
	"Month" : "August",
	"Year" : "2014",
	"Unique Visitors" : 141,
	"Visits" : 286,
	"Pages" : 308,
	"Hits" : 54,
	"Bandwidth" : 148
},
{
	"Date" : 1408402800000,
	"Days" : "2014/08/19",
	"Day" : "19",
	"Month" : "August",
	"Year" : "2014",
	"Unique Visitors" : 155,
	"Visits" : 391,
	"Pages" : 348,
	"Hits" : 234,
	"Bandwidth" : 82
},
{
	"Date" : 1408489200000,
	"Days" : "2014/08/20",
	"Day" : "20",
	"Month" : "August",
	"Year" : "2014",
	"Unique Visitors" : 22,
	"Visits" : 369,
	"Pages" : 359,
	"Hits" : 350,
	"Bandwidth" : 297
},
{
	"Date" : 1408575600000,
	"Days" : "2014/08/21",
	"Day" : "21",
	"Month" : "August",
	"Year" : "2014",
	"Unique Visitors" : 173,
	"Visits" : 263,
	"Pages" : 267,
	"Hits" : 15,
	"Bandwidth" : 195
},
{
	"Date" : 1408662000000,
	"Days" : "2014/08/22",
	"Day" : "22",
	"Month" : "August",
	"Year" : "2014",
	"Unique Visitors" : 204,
	"Visits" : 39,
	"Pages" : 367,
	"Hits" : 121,
	"Bandwidth" : 130
},
{
	"Date" : 1408748400000,
	"Days" : "2014/08/23",
	"Day" : "23",
	"Month" : "August",
	"Year" : "2014",
	"Unique Visitors" : 58,
	"Visits" : 33,
	"Pages" : 398,
	"Hits" : 387,
	"Bandwidth" : 389
},
{
	"Date" : 1408834800000,
	"Days" : "2014/08/24",
	"Day" : "24",
	"Month" : "August",
	"Year" : "2014",
	"Unique Visitors" : 29,
	"Visits" : 362,
	"Pages" : 234,
	"Hits" : 2,
	"Bandwidth" : 43
},
{
	"Date" : 1408921200000,
	"Days" : "2014/08/25",
	"Day" : "25",
	"Month" : "August",
	"Year" : "2014",
	"Unique Visitors" : 301,
	"Visits" : 205,
	"Pages" : 99,
	"Hits" : 287,
	"Bandwidth" : 241
},
{
	"Date" : 1409007600000,
	"Days" : "2014/08/26",
	"Day" : "26",
	"Month" : "August",
	"Year" : "2014",
	"Unique Visitors" : 273,
	"Visits" : 197,
	"Pages" : 375,
	"Hits" : 386,
	"Bandwidth" : 72
},
{
	"Date" : 1409094000000,
	"Days" : "2014/08/27",
	"Day" : "27",
	"Month" : "August",
	"Year" : "2014",
	"Unique Visitors" : 97,
	"Visits" : 53,
	"Pages" : 303,
	"Hits" : 192,
	"Bandwidth" : 292
},
{
	"Date" : 1409180400000,
	"Days" : "2014/08/28",
	"Day" : "28",
	"Month" : "August",
	"Year" : "2014",
	"Unique Visitors" : 165,
	"Visits" : 292,
	"Pages" : 124,
	"Hits" : 264,
	"Bandwidth" : 54
},
{
	"Date" : 1409266800000,
	"Days" : "2014/08/29",
	"Day" : "29",
	"Month" : "August",
	"Year" : "2014",
	"Unique Visitors" : 201,
	"Visits" : 154,
	"Pages" : 182,
	"Hits" : 71,
	"Bandwidth" : 392
},
{
	"Date" : 1409353200000,
	"Days" : "2014/08/30",
	"Day" : "30",
	"Month" : "August",
	"Year" : "2014",
	"Unique Visitors" : 267,
	"Visits" : 304,
	"Pages" : 396,
	"Hits" : 155,
	"Bandwidth" : 359
},
{
	"Date" : 1409439600000,
	"Days" : "2014/08/31",
	"Day" : "31",
	"Month" : "August",
	"Year" : "2014",
	"Unique Visitors" : 203,
	"Visits" : 314,
	"Pages" : 98,
	"Hits" : 343,
	"Bandwidth" : 37
},
{
	"Date" : 1409526000000,
	"Days" : "2014/09/01",
	"Day" : "01",
	"Month" : "September",
	"Year" : "2014",
	"Unique Visitors" : 182,
	"Visits" : 47,
	"Pages" : 319,
	"Hits" : 85,
	"Bandwidth" : 308
},
{
	"Date" : 1409612400000,
	"Days" : "2014/09/02",
	"Day" : "02",
	"Month" : "September",
	"Year" : "2014",
	"Unique Visitors" : 302,
	"Visits" : 163,
	"Pages" : 356,
	"Hits" : 36,
	"Bandwidth" : 159
},
{
	"Date" : 1409698800000,
	"Days" : "2014/09/03",
	"Day" : "03",
	"Month" : "September",
	"Year" : "2014",
	"Unique Visitors" : 393,
	"Visits" : 142,
	"Pages" : 259,
	"Hits" : 21,
	"Bandwidth" : 307
},
{
	"Date" : 1409785200000,
	"Days" : "2014/09/04",
	"Day" : "04",
	"Month" : "September",
	"Year" : "2014",
	"Unique Visitors" : 200,
	"Visits" : 111,
	"Pages" : 30,
	"Hits" : 204,
	"Bandwidth" : 371
},
{
	"Date" : 1409871600000,
	"Days" : "2014/09/05",
	"Day" : "05",
	"Month" : "September",
	"Year" : "2014",
	"Unique Visitors" : 248,
	"Visits" : 133,
	"Pages" : 248,
	"Hits" : 8,
	"Bandwidth" : 144
},
{
	"Date" : 1409958000000,
	"Days" : "2014/09/06",
	"Day" : "06",
	"Month" : "September",
	"Year" : "2014",
	"Unique Visitors" : 60,
	"Visits" : 325,
	"Pages" : 42,
	"Hits" : 45,
	"Bandwidth" : 130
},
{
	"Date" : 1410044400000,
	"Days" : "2014/09/07",
	"Day" : "07",
	"Month" : "September",
	"Year" : "2014",
	"Unique Visitors" : 31,
	"Visits" : 126,
	"Pages" : 226,
	"Hits" : 155,
	"Bandwidth" : 337
},
{
	"Date" : 1410130800000,
	"Days" : "2014/09/08",
	"Day" : "08",
	"Month" : "September",
	"Year" : "2014",
	"Unique Visitors" : 152,
	"Visits" : 321,
	"Pages" : 283,
	"Hits" : 219,
	"Bandwidth" : 40
},
{
	"Date" : 1410217200000,
	"Days" : "2014/09/09",
	"Day" : "09",
	"Month" : "September",
	"Year" : "2014",
	"Unique Visitors" : 7,
	"Visits" : 105,
	"Pages" : 223,
	"Hits" : 233,
	"Bandwidth" : 10
},
{
	"Date" : 1410303600000,
	"Days" : "2014/09/10",
	"Day" : "10",
	"Month" : "September",
	"Year" : "2014",
	"Unique Visitors" : 68,
	"Visits" : 361,
	"Pages" : 218,
	"Hits" : 132,
	"Bandwidth" : 222
},
{
	"Date" : 1410390000000,
	"Days" : "2014/09/11",
	"Day" : "11",
	"Month" : "September",
	"Year" : "2014",
	"Unique Visitors" : 239,
	"Visits" : 183,
	"Pages" : 399,
	"Hits" : 260,
	"Bandwidth" : 103
},
{
	"Date" : 1410476400000,
	"Days" : "2014/09/12",
	"Day" : "12",
	"Month" : "September",
	"Year" : "2014",
	"Unique Visitors" : 142,
	"Visits" : 53,
	"Pages" : 68,
	"Hits" : 43,
	"Bandwidth" : 51
},
{
	"Date" : 1410562800000,
	"Days" : "2014/09/13",
	"Day" : "13",
	"Month" : "September",
	"Year" : "2014",
	"Unique Visitors" : 32,
	"Visits" : 152,
	"Pages" : 379,
	"Hits" : 11,
	"Bandwidth" : 337
},
{
	"Date" : 1410649200000,
	"Days" : "2014/09/14",
	"Day" : "14",
	"Month" : "September",
	"Year" : "2014",
	"Unique Visitors" : 91,
	"Visits" : 16,
	"Pages" : 183,
	"Hits" : 213,
	"Bandwidth" : 288
},
{
	"Date" : 1410735600000,
	"Days" : "2014/09/15",
	"Day" : "15",
	"Month" : "September",
	"Year" : "2014",
	"Unique Visitors" : 193,
	"Visits" : 251,
	"Pages" : 277,
	"Hits" : 113,
	"Bandwidth" : 352
},
{
	"Date" : 1410822000000,
	"Days" : "2014/09/16",
	"Day" : "16",
	"Month" : "September",
	"Year" : "2014",
	"Unique Visitors" : 271,
	"Visits" : 72,
	"Pages" : 100,
	"Hits" : 107,
	"Bandwidth" : 3
},
{
	"Date" : 1410908400000,
	"Days" : "2014/09/17",
	"Day" : "17",
	"Month" : "September",
	"Year" : "2014",
	"Unique Visitors" : 322,
	"Visits" : 138,
	"Pages" : 343,
	"Hits" : 380,
	"Bandwidth" : 119
},
{
	"Date" : 1410994800000,
	"Days" : "2014/09/18",
	"Day" : "18",
	"Month" : "September",
	"Year" : "2014",
	"Unique Visitors" : 261,
	"Visits" : 279,
	"Pages" : 150,
	"Hits" : 52,
	"Bandwidth" : 331
},
{
	"Date" : 1411081200000,
	"Days" : "2014/09/19",
	"Day" : "19",
	"Month" : "September",
	"Year" : "2014",
	"Unique Visitors" : 365,
	"Visits" : 329,
	"Pages" : 144,
	"Hits" : 281,
	"Bandwidth" : 134
},
{
	"Date" : 1411167600000,
	"Days" : "2014/09/20",
	"Day" : "20",
	"Month" : "September",
	"Year" : "2014",
	"Unique Visitors" : 241,
	"Visits" : 53,
	"Pages" : 41,
	"Hits" : 54,
	"Bandwidth" : 233
},
{
	"Date" : 1411254000000,
	"Days" : "2014/09/21",
	"Day" : "21",
	"Month" : "September",
	"Year" : "2014",
	"Unique Visitors" : 319,
	"Visits" : 209,
	"Pages" : 336,
	"Hits" : 307,
	"Bandwidth" : 17
},
{
	"Date" : 1411340400000,
	"Days" : "2014/09/22",
	"Day" : "22",
	"Month" : "September",
	"Year" : "2014",
	"Unique Visitors" : 42,
	"Visits" : 211,
	"Pages" : 255,
	"Hits" : 289,
	"Bandwidth" : 96
},
{
	"Date" : 1411426800000,
	"Days" : "2014/09/23",
	"Day" : "23",
	"Month" : "September",
	"Year" : "2014",
	"Unique Visitors" : 348,
	"Visits" : 261,
	"Pages" : 396,
	"Hits" : 211,
	"Bandwidth" : 198
},
{
	"Date" : 1411513200000,
	"Days" : "2014/09/24",
	"Day" : "24",
	"Month" : "September",
	"Year" : "2014",
	"Unique Visitors" : 45,
	"Visits" : 109,
	"Pages" : 260,
	"Hits" : 209,
	"Bandwidth" : 75
},
{
	"Date" : 1411599600000,
	"Days" : "2014/09/25",
	"Day" : "25",
	"Month" : "September",
	"Year" : "2014",
	"Unique Visitors" : 201,
	"Visits" : 392,
	"Pages" : 388,
	"Hits" : 255,
	"Bandwidth" : 293
},
{
	"Date" : 1411686000000,
	"Days" : "2014/09/26",
	"Day" : "26",
	"Month" : "September",
	"Year" : "2014",
	"Unique Visitors" : 85,
	"Visits" : 68,
	"Pages" : 90,
	"Hits" : 6,
	"Bandwidth" : 324
},
{
	"Date" : 1411772400000,
	"Days" : "2014/09/27",
	"Day" : "27",
	"Month" : "September",
	"Year" : "2014",
	"Unique Visitors" : 107,
	"Visits" : 304,
	"Pages" : 170,
	"Hits" : 202,
	"Bandwidth" : 321
},
{
	"Date" : 1411858800000,
	"Days" : "2014/09/28",
	"Day" : "28",
	"Month" : "September",
	"Year" : "2014",
	"Unique Visitors" : 110,
	"Visits" : 303,
	"Pages" : 295,
	"Hits" : 346,
	"Bandwidth" : 397
},
{
	"Date" : 1411945200000,
	"Days" : "2014/09/29",
	"Day" : "29",
	"Month" : "September",
	"Year" : "2014",
	"Unique Visitors" : 213,
	"Visits" : 84,
	"Pages" : 213,
	"Hits" : 269,
	"Bandwidth" : 155
},
{
	"Date" : 1412031600000,
	"Days" : "2014/09/30",
	"Day" : "30",
	"Month" : "September",
	"Year" : "2014",
	"Unique Visitors" : 176,
	"Visits" : 341,
	"Pages" : 163,
	"Hits" : 343,
	"Bandwidth" : 206
},
{
	"Date" : 1412118000000,
	"Days" : "2014/10/01",
	"Day" : "01",
	"Month" : "October",
	"Year" : "2014",
	"Unique Visitors" : 185,
	"Visits" : 229,
	"Pages" : 364,
	"Hits" : 153,
	"Bandwidth" : 54
},
{
	"Date" : 1412204400000,
	"Days" : "2014/10/02",
	"Day" : "02",
	"Month" : "October",
	"Year" : "2014",
	"Unique Visitors" : 321,
	"Visits" : 320,
	"Pages" : 71,
	"Hits" : 138,
	"Bandwidth" : 390
},
{
	"Date" : 1412290800000,
	"Days" : "2014/10/03",
	"Day" : "03",
	"Month" : "October",
	"Year" : "2014",
	"Unique Visitors" : 76,
	"Visits" : 228,
	"Pages" : 69,
	"Hits" : 306,
	"Bandwidth" : 397
},
{
	"Date" : 1412377200000,
	"Days" : "2014/10/04",
	"Day" : "04",
	"Month" : "October",
	"Year" : "2014",
	"Unique Visitors" : 298,
	"Visits" : 24,
	"Pages" : 23,
	"Hits" : 207,
	"Bandwidth" : 375
},
{
	"Date" : 1412463600000,
	"Days" : "2014/10/05",
	"Day" : "05",
	"Month" : "October",
	"Year" : "2014",
	"Unique Visitors" : 100,
	"Visits" : 185,
	"Pages" : 68,
	"Hits" : 256,
	"Bandwidth" : 233
},
{
	"Date" : 1412550000000,
	"Days" : "2014/10/06",
	"Day" : "06",
	"Month" : "October",
	"Year" : "2014",
	"Unique Visitors" : 3,
	"Visits" : 226,
	"Pages" : 248,
	"Hits" : 290,
	"Bandwidth" : 178
},
{
	"Date" : 1412636400000,
	"Days" : "2014/10/07",
	"Day" : "07",
	"Month" : "October",
	"Year" : "2014",
	"Unique Visitors" : 54,
	"Visits" : 99,
	"Pages" : 105,
	"Hits" : 11,
	"Bandwidth" : 199
},
{
	"Date" : 1412722800000,
	"Days" : "2014/10/08",
	"Day" : "08",
	"Month" : "October",
	"Year" : "2014",
	"Unique Visitors" : 307,
	"Visits" : 77,
	"Pages" : 245,
	"Hits" : 88,
	"Bandwidth" : 153
},
{
	"Date" : 1412809200000,
	"Days" : "2014/10/09",
	"Day" : "09",
	"Month" : "October",
	"Year" : "2014",
	"Unique Visitors" : 32,
	"Visits" : 377,
	"Pages" : 330,
	"Hits" : 27,
	"Bandwidth" : 351
},
{
	"Date" : 1412895600000,
	"Days" : "2014/10/10",
	"Day" : "10",
	"Month" : "October",
	"Year" : "2014",
	"Unique Visitors" : 279,
	"Visits" : 272,
	"Pages" : 52,
	"Hits" : 192,
	"Bandwidth" : 26
},
{
	"Date" : 1412982000000,
	"Days" : "2014/10/11",
	"Day" : "11",
	"Month" : "October",
	"Year" : "2014",
	"Unique Visitors" : 398,
	"Visits" : 163,
	"Pages" : 343,
	"Hits" : 163,
	"Bandwidth" : 392
},
{
	"Date" : 1413068400000,
	"Days" : "2014/10/12",
	"Day" : "12",
	"Month" : "October",
	"Year" : "2014",
	"Unique Visitors" : 91,
	"Visits" : 59,
	"Pages" : 159,
	"Hits" : 194,
	"Bandwidth" : 273
},
{
	"Date" : 1413154800000,
	"Days" : "2014/10/13",
	"Day" : "13",
	"Month" : "October",
	"Year" : "2014",
	"Unique Visitors" : 49,
	"Visits" : 269,
	"Pages" : 3,
	"Hits" : 352,
	"Bandwidth" : 368
},
{
	"Date" : 1413241200000,
	"Days" : "2014/10/14",
	"Day" : "14",
	"Month" : "October",
	"Year" : "2014",
	"Unique Visitors" : 254,
	"Visits" : 159,
	"Pages" : 181,
	"Hits" : 90,
	"Bandwidth" : 94
},
{
	"Date" : 1413327600000,
	"Days" : "2014/10/15",
	"Day" : "15",
	"Month" : "October",
	"Year" : "2014",
	"Unique Visitors" : 18,
	"Visits" : 114,
	"Pages" : 264,
	"Hits" : 59,
	"Bandwidth" : 48
},
{
	"Date" : 1413414000000,
	"Days" : "2014/10/16",
	"Day" : "16",
	"Month" : "October",
	"Year" : "2014",
	"Unique Visitors" : 263,
	"Visits" : 355,
	"Pages" : 359,
	"Hits" : 281,
	"Bandwidth" : 109
},
{
	"Date" : 1413500400000,
	"Days" : "2014/10/17",
	"Day" : "17",
	"Month" : "October",
	"Year" : "2014",
	"Unique Visitors" : 252,
	"Visits" : 186,
	"Pages" : 347,
	"Hits" : 96,
	"Bandwidth" : 148
},
{
	"Date" : 1413586800000,
	"Days" : "2014/10/18",
	"Day" : "18",
	"Month" : "October",
	"Year" : "2014",
	"Unique Visitors" : 285,
	"Visits" : 30,
	"Pages" : 375,
	"Hits" : 336,
	"Bandwidth" : 236
},
{
	"Date" : 1413673200000,
	"Days" : "2014/10/19",
	"Day" : "19",
	"Month" : "October",
	"Year" : "2014",
	"Unique Visitors" : 0,
	"Visits" : 88,
	"Pages" : 119,
	"Hits" : 178,
	"Bandwidth" : 241
},
{
	"Date" : 1413759600000,
	"Days" : "2014/10/20",
	"Day" : "20",
	"Month" : "October",
	"Year" : "2014",
	"Unique Visitors" : 204,
	"Visits" : 195,
	"Pages" : 227,
	"Hits" : 210,
	"Bandwidth" : 31
},
{
	"Date" : 1413846000000,
	"Days" : "2014/10/21",
	"Day" : "21",
	"Month" : "October",
	"Year" : "2014",
	"Unique Visitors" : 186,
	"Visits" : 74,
	"Pages" : 397,
	"Hits" : 356,
	"Bandwidth" : 327
},
{
	"Date" : 1413932400000,
	"Days" : "2014/10/22",
	"Day" : "22",
	"Month" : "October",
	"Year" : "2014",
	"Unique Visitors" : 59,
	"Visits" : 85,
	"Pages" : 376,
	"Hits" : 109,
	"Bandwidth" : 263
},
{
	"Date" : 1414018800000,
	"Days" : "2014/10/23",
	"Day" : "23",
	"Month" : "October",
	"Year" : "2014",
	"Unique Visitors" : 58,
	"Visits" : 166,
	"Pages" : 160,
	"Hits" : 221,
	"Bandwidth" : 366
},
{
	"Date" : 1414105200000,
	"Days" : "2014/10/24",
	"Day" : "24",
	"Month" : "October",
	"Year" : "2014",
	"Unique Visitors" : 258,
	"Visits" : 31,
	"Pages" : 90,
	"Hits" : 284,
	"Bandwidth" : 169
},
{
	"Date" : 1414191600000,
	"Days" : "2014/10/25",
	"Day" : "25",
	"Month" : "October",
	"Year" : "2014",
	"Unique Visitors" : 262,
	"Visits" : 341,
	"Pages" : 279,
	"Hits" : 192,
	"Bandwidth" : 6
},
{
	"Date" : 1414278000000,
	"Days" : "2014/10/26",
	"Day" : "26",
	"Month" : "October",
	"Year" : "2014",
	"Unique Visitors" : 320,
	"Visits" : 135,
	"Pages" : 88,
	"Hits" : 165,
	"Bandwidth" : 354
},
{
	"Date" : 1414368000000,
	"Days" : "2014/10/27",
	"Day" : "27",
	"Month" : "October",
	"Year" : "2014",
	"Unique Visitors" : 99,
	"Visits" : 39,
	"Pages" : 35,
	"Hits" : 318,
	"Bandwidth" : 272
},
{
	"Date" : 1414454400000,
	"Days" : "2014/10/28",
	"Day" : "28",
	"Month" : "October",
	"Year" : "2014",
	"Unique Visitors" : 210,
	"Visits" : 248,
	"Pages" : 276,
	"Hits" : 98,
	"Bandwidth" : 352
},
{
	"Date" : 1414540800000,
	"Days" : "2014/10/29",
	"Day" : "29",
	"Month" : "October",
	"Year" : "2014",
	"Unique Visitors" : 91,
	"Visits" : 282,
	"Pages" : 215,
	"Hits" : 322,
	"Bandwidth" : 49
},
{
	"Date" : 1414627200000,
	"Days" : "2014/10/30",
	"Day" : "30",
	"Month" : "October",
	"Year" : "2014",
	"Unique Visitors" : 184,
	"Visits" : 50,
	"Pages" : 89,
	"Hits" : 247,
	"Bandwidth" : 259
},
{
	"Date" : 1414713600000,
	"Days" : "2014/10/31",
	"Day" : "31",
	"Month" : "October",
	"Year" : "2014",
	"Unique Visitors" : 225,
	"Visits" : 112,
	"Pages" : 287,
	"Hits" : 64,
	"Bandwidth" : 124
},
{
	"Date" : 1414800000000,
	"Days" : "2014/11/01",
	"Day" : "01",
	"Month" : "November",
	"Year" : "2014",
	"Unique Visitors" : 378,
	"Visits" : 40,
	"Pages" : 63,
	"Hits" : 71,
	"Bandwidth" : 330
},
{
	"Date" : 1414886400000,
	"Days" : "2014/11/02",
	"Day" : "02",
	"Month" : "November",
	"Year" : "2014",
	"Unique Visitors" : 200,
	"Visits" : 245,
	"Pages" : 97,
	"Hits" : 50,
	"Bandwidth" : 279
},
{
	"Date" : 1414972800000,
	"Days" : "2014/11/03",
	"Day" : "03",
	"Month" : "November",
	"Year" : "2014",
	"Unique Visitors" : 319,
	"Visits" : 156,
	"Pages" : 353,
	"Hits" : 298,
	"Bandwidth" : 273
},
{
	"Date" : 1415059200000,
	"Days" : "2014/11/04",
	"Day" : "04",
	"Month" : "November",
	"Year" : "2014",
	"Unique Visitors" : 41,
	"Visits" : 50,
	"Pages" : 296,
	"Hits" : 184,
	"Bandwidth" : 95
},
{
	"Date" : 1415145600000,
	"Days" : "2014/11/05",
	"Day" : "05",
	"Month" : "November",
	"Year" : "2014",
	"Unique Visitors" : 293,
	"Visits" : 34,
	"Pages" : 213,
	"Hits" : 215,
	"Bandwidth" : 127
},
{
	"Date" : 1415232000000,
	"Days" : "2014/11/06",
	"Day" : "06",
	"Month" : "November",
	"Year" : "2014",
	"Unique Visitors" : 12,
	"Visits" : 186,
	"Pages" : 247,
	"Hits" : 338,
	"Bandwidth" : 62
},
{
	"Date" : 1415318400000,
	"Days" : "2014/11/07",
	"Day" : "07",
	"Month" : "November",
	"Year" : "2014",
	"Unique Visitors" : 179,
	"Visits" : 359,
	"Pages" : 132,
	"Hits" : 354,
	"Bandwidth" : 359
},
{
	"Date" : 1415404800000,
	"Days" : "2014/11/08",
	"Day" : "08",
	"Month" : "November",
	"Year" : "2014",
	"Unique Visitors" : 359,
	"Visits" : 278,
	"Pages" : 322,
	"Hits" : 388,
	"Bandwidth" : 243
},
{
	"Date" : 1415491200000,
	"Days" : "2014/11/09",
	"Day" : "09",
	"Month" : "November",
	"Year" : "2014",
	"Unique Visitors" : 243,
	"Visits" : 69,
	"Pages" : 392,
	"Hits" : 203,
	"Bandwidth" : 364
},
{
	"Date" : 1415577600000,
	"Days" : "2014/11/10",
	"Day" : "10",
	"Month" : "November",
	"Year" : "2014",
	"Unique Visitors" : 378,
	"Visits" : 182,
	"Pages" : 303,
	"Hits" : 14,
	"Bandwidth" : 377
},
{
	"Date" : 1415664000000,
	"Days" : "2014/11/11",
	"Day" : "11",
	"Month" : "November",
	"Year" : "2014",
	"Unique Visitors" : 102,
	"Visits" : 221,
	"Pages" : 187,
	"Hits" : 283,
	"Bandwidth" : 399
},
{
	"Date" : 1415750400000,
	"Days" : "2014/11/12",
	"Day" : "12",
	"Month" : "November",
	"Year" : "2014",
	"Unique Visitors" : 148,
	"Visits" : 286,
	"Pages" : 227,
	"Hits" : 350,
	"Bandwidth" : 183
},
{
	"Date" : 1415836800000,
	"Days" : "2014/11/13",
	"Day" : "13",
	"Month" : "November",
	"Year" : "2014",
	"Unique Visitors" : 56,
	"Visits" : 152,
	"Pages" : 359,
	"Hits" : 52,
	"Bandwidth" : 124
},
{
	"Date" : 1415923200000,
	"Days" : "2014/11/14",
	"Day" : "14",
	"Month" : "November",
	"Year" : "2014",
	"Unique Visitors" : 327,
	"Visits" : 211,
	"Pages" : 82,
	"Hits" : 300,
	"Bandwidth" : 335
},
{
	"Date" : 1416009600000,
	"Days" : "2014/11/15",
	"Day" : "15",
	"Month" : "November",
	"Year" : "2014",
	"Unique Visitors" : 361,
	"Visits" : 227,
	"Pages" : 128,
	"Hits" : 156,
	"Bandwidth" : 24
},
{
	"Date" : 1416096000000,
	"Days" : "2014/11/16",
	"Day" : "16",
	"Month" : "November",
	"Year" : "2014",
	"Unique Visitors" : 398,
	"Visits" : 121,
	"Pages" : 166,
	"Hits" : 41,
	"Bandwidth" : 188
},
{
	"Date" : 1416182400000,
	"Days" : "2014/11/17",
	"Day" : "17",
	"Month" : "November",
	"Year" : "2014",
	"Unique Visitors" : 85,
	"Visits" : 30,
	"Pages" : 102,
	"Hits" : 381,
	"Bandwidth" : 127
},
{
	"Date" : 1416268800000,
	"Days" : "2014/11/18",
	"Day" : "18",
	"Month" : "November",
	"Year" : "2014",
	"Unique Visitors" : 135,
	"Visits" : 83,
	"Pages" : 392,
	"Hits" : 379,
	"Bandwidth" : 59
},
{
	"Date" : 1416355200000,
	"Days" : "2014/11/19",
	"Day" : "19",
	"Month" : "November",
	"Year" : "2014",
	"Unique Visitors" : 115,
	"Visits" : 312,
	"Pages" : 159,
	"Hits" : 68,
	"Bandwidth" : 305
},
{
	"Date" : 1416441600000,
	"Days" : "2014/11/20",
	"Day" : "20",
	"Month" : "November",
	"Year" : "2014",
	"Unique Visitors" : 53,
	"Visits" : 126,
	"Pages" : 243,
	"Hits" : 97,
	"Bandwidth" : 371
},
{
	"Date" : 1416528000000,
	"Days" : "2014/11/21",
	"Day" : "21",
	"Month" : "November",
	"Year" : "2014",
	"Unique Visitors" : 49,
	"Visits" : 146,
	"Pages" : 379,
	"Hits" : 76,
	"Bandwidth" : 340
},
{
	"Date" : 1416614400000,
	"Days" : "2014/11/22",
	"Day" : "22",
	"Month" : "November",
	"Year" : "2014",
	"Unique Visitors" : 373,
	"Visits" : 66,
	"Pages" : 173,
	"Hits" : 87,
	"Bandwidth" : 72
},
{
	"Date" : 1416700800000,
	"Days" : "2014/11/23",
	"Day" : "23",
	"Month" : "November",
	"Year" : "2014",
	"Unique Visitors" : 328,
	"Visits" : 150,
	"Pages" : 120,
	"Hits" : 366,
	"Bandwidth" : 27
},
{
	"Date" : 1416787200000,
	"Days" : "2014/11/24",
	"Day" : "24",
	"Month" : "November",
	"Year" : "2014",
	"Unique Visitors" : 329,
	"Visits" : 319,
	"Pages" : 25,
	"Hits" : 61,
	"Bandwidth" : 321
},
{
	"Date" : 1416873600000,
	"Days" : "2014/11/25",
	"Day" : "25",
	"Month" : "November",
	"Year" : "2014",
	"Unique Visitors" : 212,
	"Visits" : 74,
	"Pages" : 396,
	"Hits" : 32,
	"Bandwidth" : 206
},
{
	"Date" : 1416960000000,
	"Days" : "2014/11/26",
	"Day" : "26",
	"Month" : "November",
	"Year" : "2014",
	"Unique Visitors" : 393,
	"Visits" : 248,
	"Pages" : 64,
	"Hits" : 289,
	"Bandwidth" : 129
},
{
	"Date" : 1417046400000,
	"Days" : "2014/11/27",
	"Day" : "27",
	"Month" : "November",
	"Year" : "2014",
	"Unique Visitors" : 243,
	"Visits" : 318,
	"Pages" : 344,
	"Hits" : 32,
	"Bandwidth" : 92
},
{
	"Date" : 1417132800000,
	"Days" : "2014/11/28",
	"Day" : "28",
	"Month" : "November",
	"Year" : "2014",
	"Unique Visitors" : 397,
	"Visits" : 294,
	"Pages" : 341,
	"Hits" : 175,
	"Bandwidth" : 236
},
{
	"Date" : 1417219200000,
	"Days" : "2014/11/29",
	"Day" : "29",
	"Month" : "November",
	"Year" : "2014",
	"Unique Visitors" : 166,
	"Visits" : 135,
	"Pages" : 114,
	"Hits" : 67,
	"Bandwidth" : 387
},
{
	"Date" : 1417305600000,
	"Days" : "2014/11/30",
	"Day" : "30",
	"Month" : "November",
	"Year" : "2014",
	"Unique Visitors" : 320,
	"Visits" : 371,
	"Pages" : 47,
	"Hits" : 298,
	"Bandwidth" : 136
},
{
	"Date" : 1417392000000,
	"Days" : "2014/12/01",
	"Day" : "01",
	"Month" : "December",
	"Year" : "2014",
	"Unique Visitors" : 254,
	"Visits" : 143,
	"Pages" : 116,
	"Hits" : 134,
	"Bandwidth" : 248
},
{
	"Date" : 1417478400000,
	"Days" : "2014/12/02",
	"Day" : "02",
	"Month" : "December",
	"Year" : "2014",
	"Unique Visitors" : 247,
	"Visits" : 233,
	"Pages" : 313,
	"Hits" : 176,
	"Bandwidth" : 203
},
{
	"Date" : 1417564800000,
	"Days" : "2014/12/03",
	"Day" : "03",
	"Month" : "December",
	"Year" : "2014",
	"Unique Visitors" : 245,
	"Visits" : 34,
	"Pages" : 297,
	"Hits" : 120,
	"Bandwidth" : 281
},
{
	"Date" : 1417651200000,
	"Days" : "2014/12/04",
	"Day" : "04",
	"Month" : "December",
	"Year" : "2014",
	"Unique Visitors" : 152,
	"Visits" : 352,
	"Pages" : 332,
	"Hits" : 23,
	"Bandwidth" : 60
},
{
	"Date" : 1417737600000,
	"Days" : "2014/12/05",
	"Day" : "05",
	"Month" : "December",
	"Year" : "2014",
	"Unique Visitors" : 325,
	"Visits" : 382,
	"Pages" : 335,
	"Hits" : 234,
	"Bandwidth" : 390
},
{
	"Date" : 1417824000000,
	"Days" : "2014/12/06",
	"Day" : "06",
	"Month" : "December",
	"Year" : "2014",
	"Unique Visitors" : 366,
	"Visits" : 297,
	"Pages" : 342,
	"Hits" : 40,
	"Bandwidth" : 58
},
{
	"Date" : 1417910400000,
	"Days" : "2014/12/07",
	"Day" : "07",
	"Month" : "December",
	"Year" : "2014",
	"Unique Visitors" : 93,
	"Visits" : 367,
	"Pages" : 191,
	"Hits" : 396,
	"Bandwidth" : 88
},
{
	"Date" : 1417996800000,
	"Days" : "2014/12/08",
	"Day" : "08",
	"Month" : "December",
	"Year" : "2014",
	"Unique Visitors" : 321,
	"Visits" : 177,
	"Pages" : 268,
	"Hits" : 381,
	"Bandwidth" : 82
},
{
	"Date" : 1418083200000,
	"Days" : "2014/12/09",
	"Day" : "09",
	"Month" : "December",
	"Year" : "2014",
	"Unique Visitors" : 247,
	"Visits" : 285,
	"Pages" : 368,
	"Hits" : 141,
	"Bandwidth" : 290
},
{
	"Date" : 1418169600000,
	"Days" : "2014/12/10",
	"Day" : "10",
	"Month" : "December",
	"Year" : "2014",
	"Unique Visitors" : 43,
	"Visits" : 157,
	"Pages" : 82,
	"Hits" : 3,
	"Bandwidth" : 132
},
{
	"Date" : 1418256000000,
	"Days" : "2014/12/11",
	"Day" : "11",
	"Month" : "December",
	"Year" : "2014",
	"Unique Visitors" : 302,
	"Visits" : 44,
	"Pages" : 177,
	"Hits" : 391,
	"Bandwidth" : 235
},
{
	"Date" : 1418342400000,
	"Days" : "2014/12/12",
	"Day" : "12",
	"Month" : "December",
	"Year" : "2014",
	"Unique Visitors" : 238,
	"Visits" : 70,
	"Pages" : 355,
	"Hits" : 357,
	"Bandwidth" : 45
},
{
	"Date" : 1418428800000,
	"Days" : "2014/12/13",
	"Day" : "13",
	"Month" : "December",
	"Year" : "2014",
	"Unique Visitors" : 133,
	"Visits" : 183,
	"Pages" : 126,
	"Hits" : 365,
	"Bandwidth" : 341
},
{
	"Date" : 1418515200000,
	"Days" : "2014/12/14",
	"Day" : "14",
	"Month" : "December",
	"Year" : "2014",
	"Unique Visitors" : 201,
	"Visits" : 250,
	"Pages" : 132,
	"Hits" : 299,
	"Bandwidth" : 120
},
{
	"Date" : 1418601600000,
	"Days" : "2014/12/15",
	"Day" : "15",
	"Month" : "December",
	"Year" : "2014",
	"Unique Visitors" : 26,
	"Visits" : 49,
	"Pages" : 114,
	"Hits" : 27,
	"Bandwidth" : 144
},
{
	"Date" : 1418688000000,
	"Days" : "2014/12/16",
	"Day" : "16",
	"Month" : "December",
	"Year" : "2014",
	"Unique Visitors" : 178,
	"Visits" : 151,
	"Pages" : 202,
	"Hits" : 391,
	"Bandwidth" : 278
},
{
	"Date" : 1418774400000,
	"Days" : "2014/12/17",
	"Day" : "17",
	"Month" : "December",
	"Year" : "2014",
	"Unique Visitors" : 337,
	"Visits" : 17,
	"Pages" : 3,
	"Hits" : 80,
	"Bandwidth" : 207
},
{
	"Date" : 1418860800000,
	"Days" : "2014/12/18",
	"Day" : "18",
	"Month" : "December",
	"Year" : "2014",
	"Unique Visitors" : 326,
	"Visits" : 317,
	"Pages" : 164,
	"Hits" : 340,
	"Bandwidth" : 374
},
{
	"Date" : 1418947200000,
	"Days" : "2014/12/19",
	"Day" : "19",
	"Month" : "December",
	"Year" : "2014",
	"Unique Visitors" : 309,
	"Visits" : 192,
	"Pages" : 245,
	"Hits" : 50,
	"Bandwidth" : 260
},
{
	"Date" : 1419033600000,
	"Days" : "2014/12/20",
	"Day" : "20",
	"Month" : "December",
	"Year" : "2014",
	"Unique Visitors" : 52,
	"Visits" : 199,
	"Pages" : 42,
	"Hits" : 306,
	"Bandwidth" : 294
},
{
	"Date" : 1419120000000,
	"Days" : "2014/12/21",
	"Day" : "21",
	"Month" : "December",
	"Year" : "2014",
	"Unique Visitors" : 289,
	"Visits" : 121,
	"Pages" : 317,
	"Hits" : 295,
	"Bandwidth" : 143
},
{
	"Date" : 1419206400000,
	"Days" : "2014/12/22",
	"Day" : "22",
	"Month" : "December",
	"Year" : "2014",
	"Unique Visitors" : 385,
	"Visits" : 221,
	"Pages" : 284,
	"Hits" : 73,
	"Bandwidth" : 127
},
{
	"Date" : 1419292800000,
	"Days" : "2014/12/23",
	"Day" : "23",
	"Month" : "December",
	"Year" : "2014",
	"Unique Visitors" : 148,
	"Visits" : 85,
	"Pages" : 382,
	"Hits" : 195,
	"Bandwidth" : 376
},
{
	"Date" : 1419379200000,
	"Days" : "2014/12/24",
	"Day" : "24",
	"Month" : "December",
	"Year" : "2014",
	"Unique Visitors" : 124,
	"Visits" : 257,
	"Pages" : 47,
	"Hits" : 145,
	"Bandwidth" : 183
},
{
	"Date" : 1419465600000,
	"Days" : "2014/12/25",
	"Day" : "25",
	"Month" : "December",
	"Year" : "2014",
	"Unique Visitors" : 314,
	"Visits" : 105,
	"Pages" : 264,
	"Hits" : 379,
	"Bandwidth" : 166
},
{
	"Date" : 1419552000000,
	"Days" : "2014/12/26",
	"Day" : "26",
	"Month" : "December",
	"Year" : "2014",
	"Unique Visitors" : 218,
	"Visits" : 348,
	"Pages" : 234,
	"Hits" : 2,
	"Bandwidth" : 57
},
{
	"Date" : 1419638400000,
	"Days" : "2014/12/27",
	"Day" : "27",
	"Month" : "December",
	"Year" : "2014",
	"Unique Visitors" : 15,
	"Visits" : 246,
	"Pages" : 181,
	"Hits" : 220,
	"Bandwidth" : 63
},
{
	"Date" : 1419724800000,
	"Days" : "2014/12/28",
	"Day" : "28",
	"Month" : "December",
	"Year" : "2014",
	"Unique Visitors" : 5,
	"Visits" : 205,
	"Pages" : 87,
	"Hits" : 246,
	"Bandwidth" : 232
},
{
	"Date" : 1419811200000,
	"Days" : "2014/12/29",
	"Day" : "29",
	"Month" : "December",
	"Year" : "2014",
	"Unique Visitors" : 278,
	"Visits" : 371,
	"Pages" : 150,
	"Hits" : 177,
	"Bandwidth" : 136
},
{
	"Date" : 1419897600000,
	"Days" : "2014/12/30",
	"Day" : "30",
	"Month" : "December",
	"Year" : "2014",
	"Unique Visitors" : 134,
	"Visits" : 358,
	"Pages" : 284,
	"Hits" : 1,
	"Bandwidth" : 201
},
{
	"Date" : 1419984000000,
	"Days" : "2014/12/31",
	"Day" : "31",
	"Month" : "December",
	"Year" : "2014",
	"Unique Visitors" : 0,
	"Visits" : 178,
	"Pages" : 387,
	"Hits" : 136,
	"Bandwidth" : 15
}
]}
